ID, Rinkname, Phone, Email, Website, LineOne, LineTwo, City, State, Zip, Description
1,36 Skate Club,937-773-2841,sk8thirtysix@aol.com,,4835 West US Route 36,,Piqua,OH,45356,OH043
2,A.J. Skateworld LLC,434-665-6971,,,460 Old Courthouse Road,,Appomattox,VA,24522,VA053
3,A.P.E. Management LLC Dba The Rink Family Fun Cent,,ericpena1977@aol.com,,901 N. Raul Longoria Rd.,,San Juan,TX,78589,TX381
4,Adrenaline Skating Center,302-654-5520,rollers@yahoo.com,http://www.adrenalineskating.com,215 New Road,,Elsmere,DE,19805,DE001
5,Adrian Skatery II Inc,517-265-6918,,,3120 North Adrian Highway,,Adrian,MI,49221,MI013
6,Adventure World Family Fun Center,540-382-1717,joycebennett1@adventureworldonline.com,http://www.adventureworldonline.com,200 Midway Plaza NW,,Christiansburg,VA,24073,VA103
7,Airline Skate Center Inc,504-733-0102,bobatasc@aol.com,http://www.airlineskatecenterwola.com,6711 Airline Drive,,Metairie,LA,70003,LA063
8,Airline Skate Ctr Inc,281-448-7845,jemamaxx@aol.com,http://www.airlineskatecenter.com,10715 Airline Drive,,Houston,TX,77037,TX069
9,All American Skating Center,770-469-9775,jburton@iceforum.com,http://www.allamericanrecreationcenter.com,5400 Bermuda Road @ West Park Place,,Stone Mountain,GA,30087,GA084
10,Allskate Fun Center Inc,517-787-8716,mark@allskate.net,http://www.allskate.net,1313 West North Street,,Jackson,MI,49202,MI130
11,Almeda Super Rink,713-941-7000,wulff1514@aol.com,,10750 Almeda Genoa,,Houston,TX,77034,TX025
12,Aloha Roller Palace of Mesquite,,email@isnotavail.com,,311 Gross Rd,,Mesquite,TX,75149,TX059
13,Alvin Skate-N-Party LLC,281-756-0507,,http://www.alvinskateparty.com,1701 West Highway 6,,Alvin,TX,77511,TX371
14,Anderson Roll Arena Inc,765-644-7503,rollarena7@netzero.net,http://www.rollarena.com,2711 Broadway,,Anderson,IN,46012-0000,IN060
15,Angelo Skate and Fun Center,325-944-7465,sanangelo@yahoo.com,http://www.angelorink.com,34 Buick Street,,San Angelo,TX,76901,TX913
16,Ashtabula's Family Roller Den,440-964-9199,andrus1@adelphia.net,http://www.rollerden.net,2255 West Avenue,,Ashtabula,OH,44004,OH111
17,Astro Skate and Fun Center,727-546-0018,magamiask@aol.com,http://www.astroskatingcenter.com,10001 66th Street North,,Pinellas Park,FL,34782,FL033
18,Astro Skate and Fun Center,727-938-5778,maganiask@aol.com,http://www.astroskatingcenter.com,875 Cypress,,Tarpon Springs,FL,34689,FL226
19,Auburn Skate Connection,253-833-4990,sk8auburn1@wmconnect.com,http://www.auburnskate.com,1825 Howard Road,,Auburn,WA,98002,WA021
20,Aurora Skate Center,630-898-5830,urora@sbcglobal.net,http://www.SkateAurora.com,34W113 Montgomery Road,,Aurora,IL,60504,IL010
21,B & D South Skate Center,816-252-1084,bdmcdonald3535@sbcglobal.net,,13903 Noland Court,,Independence,MO,64055,MO010
22,B & J Skate Center,816-364-1314,jerry@skatebj.com,http://www.skatebj.com,6421 North 71 Highway,,St Joseph,MO,64506,MO062
23,Bamboozles Skating & Event Center,239-482-7199,gobamboozles@aol.com,,2095 Andrea Lane,,Fort Myers,FL,33912,FL119
24,Bardstown Rink Inc,502-348-6622,pblanfor@bellsouth.net,,209 East Broadway,,Bardstown,KY,40004,KY027
25,Bastrop Skating Palace,512-303-0320,patricia6457@sbcglobal.net,,488 Hwy 95,,Bastrop,TX,78602,TX247
26,Bear Creek Roller Rink,281-463-6020,,http://www.bearcreekskate.com,5210 Highway 6 North,,Houston,TX,77084,TX149
27,Beechmont Rollarena,513-753-6869,,,3988 Commercial Boulevard,,Cincinnati,OH,45245,OH152
28,Bell's Rink,260-749-8214,,,7009 Lincoln Highway East,,Fort Wayne,IN,46803-0000,IN001
29,Bibb Skate Arena,478-788-1321,skates47@netzero.net,,5335 Hawkinsville Road,,Macon,GA,31216,GA097
30,Big Wheel,,,http://www.bigwheelskating.com,Route 191 North 5th Street,,East Stroudsburg,PA,18301,PA097
31,Bonanza Roll-A-Rama,618-242-5880,,,Route 15 East,,Mt Vernon,IL,62864,IL141
32,Bonaventure Rllr Sktg Ctr,248-476-2201,lbill@bonaventureskate.com,http://www.bonaventureskate.com,24505 Halsted Road,,Farmington Hills,MI,48335,MI003
33,Boomer Rock n' Roll Skate Park,580-256-3329,kristinamassey07@aol.com,,309 22nd St,,Woodward,OK,73801,OK084
34,Branch Brook Park,973-482-8900,jmartin@usa-skating.com,http://www.bbpskating.com,7th Ave & Clifton Ave,,Newark,NJ,7104,NJ072
35,Breakaway Skating Center,,breakawayskatingcenter@hotmail.com,,2850 Airline Blvd Suite A,,Portsmouth,VA,23701,VA106
36,Bremerton Skateland,360-917-0110,,,1740 NE Fuson Road,,Bremerton,WA,98311,WA053
37,Bridgeport Skate World,304-842-4426,,,Masmie Drive & Broadway,,Bridgeport,WV,26330,WV023
38,Brockway Roller Skating Ctr,989-792-8433,rolex3vett@aol.com,http://www.brockwayrollerskating.com,5550 Brockway Road,,Saginaw,MI,48638,MI009
39,Broken Arrow Roller Sports,918-251-6200,darrin@brokenarrowrollersports.com,http://www.brokenarrowrollersports.com,551 West Oakland Place,,Broken Arrow,OK,74012,OK017
40,Brookpark Skateland,216-267-3966,,http://www.brookparkskateland.com,13445 Brookpark Road,,Brookpark,OH,44142,OH008
41,Butler Roller Rink,414-881-6260,,,12400 West Custer Avenue,,Butler,WI,53007,WI057
42,Cal Skate - Clovis,559-291-0242,calskateclovis@sbcglobal.net,http://www.calskateclovis.net,2881 Peach,,Clovis,CA,93612,CA139
43,Cal Skate of Chico,530-343-1601,mikeseko@yahoo.com,http://www.calskatechico.com,2465 Carmichael Drive,,Chico,CA,95928,CA048
44,Cal Skate of Milpitas,408-946-1366,calsk8@sbcglobal.net,http://www.calskatemilpitas.com,980 Los Coches Street,,Milpitas,CA,95035,CA151
45,Cal Skate of Rohnert Park,707-585-0494,skate@calskaterp.com,http://www.calskate.com,6100 Commerce Boulevard,,Rohnert Park,CA,94928,CA140
46,California Skate Grand Terrace,909-783-2844,kacy@calskategt.com,http://www.calskategt.com,22080 Commerce Way,,Grand Terrace,CA,92313,CA178
47,Capelli's TraXside Skating,262-763-4410,capelliskating@sbcglobal.net,http://www.Traxsideskating.com,637 South Kane Street,,Burlington,WI,53105,WI001
48,Carousel Family Fun Center of Fairhaven,508-996-4828,charcarosl@aol.com,http://www.carouselskate.com,4 David Drown Boulevard,,Fairhaven,MA,2719,MA049
49,Carousel Family Fun Center of Whitman,781-857-1286,,http://www.carouselskate.com,1055 Auburn Street,,Whitman,MA,2382,MA052
50,Carousel Skate Center,256-534-8589,stephanieberanekcomeskate@gmail.com,http://www.carouselskatecenter.com,1201 Winner Avenue,,Huntsville,AL,35805,AL018
51,Carousel Skate Center,316-942-4505,,http://WWW.CAROUSELSKATE.NET,312 North West Street,,Wichita,KS,67203,KS022
52,Carousel Skate Incorporated,605-332-7915,chris@carousel-skate.com,http://www.carousel-skate.com,2901 West Third Street,,Sioux Falls,SD,57104,SD002
53,Car-Vel Skate Center,210-684-8900,texasmartini@aol.com,http://www.car-vel.com,6807 Bandera Road,,San Antonio,TX,78238-1359,TX373
54,Cascade Family Skating,404-699-9559,goldenglide@msn.com,http://www.atlantarollerskating.com,3335 MLK Jr. Drive,,Atlanta,GA,30331,GA112
55,Castle Skateland,513-683-6666,lharper420@aol.com,http://www.castleskateland.com,980 Loveland-Madeira Road,,Loveland,OH,45140,OH076
56,Centralia Rollerdrome,360-736-7376,cray8610@msn.com,,216 West Maple,,Centralia,WA,98531,WA001
57,Chagrin Valley Roller Rink,440-247-4224,iklatka@gmail.com,http://www.cvrr.com,7151 Chagrin Road,,Chagrin Falls,OH,44022,OH148
58,Chamlee Skating Club,706-734-7122,,,78 Tate Road,,Trion,GA,30753,GA106
59,Champion Rollarena,330-307-3660,kbrain1971@aol.com,http://www.championskate.com,5040 Mahoning Avenue,,Warren,OH,44483,OH056
60,Champions Roller World,,skatechampions@yahoo.com,http://www.skatechampions.com,5504 Fellowship Ln,,Spring,TX,77379,TX231
61,Champs Camelot Rollerdrome,502-425-1302,joe@champskate.com,,9851 Old Lagrange Road,,Louisville,KY,40241,KY074
62,Champs Skate Center,859-268-3888,tina@champskate.com,http://www.champskate.com,297 Ruccio Way,,Lexington,KY,40503,KY082
63,Cheap Skate Funarama Inc.,763-427-8981,,http://www.cheapskatecr.com,3075 Coon Rapids Boulevard,,Coon Rapids,MN,55304,MN029
64,Cherry Hill Skating Center,856-795-1919,trendfree@aol.com,http://www.cherryhillskatingcenter.com,664 Deer Road,,Cherry Hill,NJ,8034,NJ031
65,Chester Skateland,301-577-5776,,,2300 Southland Drive,,Chester,VA,23831,VA054
66,Christiana Skating Center,302-366-0473,,http://www.christianaskatingcenter.biz,801 Christiana Road,,Newark,DE,19713,DE002
67,Circle D Skating Rink,740-474-4751,circledrecreation@verizon.net,http://www.circled-rec.com,144 East Main Street,,Circleville,OH,43113,OH072
68,Circle J Skate,618-943-9064,crjsk@midwest.net,http://www.circlejskate.com,State Route 1,,Lawrenceville,IL,62439,IL127
69,Classic Fun Center,,classicfuncenter@gmail.com,http://classicfuncenter.com,9155 S 255 W,,Sandy,UT,84070,UT017
70,Cleveland Skate Place,423-472-1010,skate@clevelandskateplace.com,http://www.clevelandskateplace.com,2100 Candies Lane,,Cleveland,TN,37311,TN095
71,Club Arena Skating Rink,859-986-3881,georgewyatt@windstream.net,http://www.berea.cc/clubarena,211 North Broadway,,Berea,KY,40403,KY069
72,CN Skate Palace,610-494-4442,info@cnskatepalace.com,http://www.cnskatepalace.com,3471 Concord Road,,Aston,PA,19014,PA150
73,Coachlite Skate Center,630-893-0298,skateinfo@coachliteskate.com,http://www.coachliteskate.com,1291 Bryn Mawr,,Roselle,IL,60172,IL123
74,Coachlite Skate Center,314-220-0846,,,3754 Pennridge Drive,,Bridgeton,MO,63044,MO058
75,Columbia Skate Palace,386-755-2232,sk8palace@hotmail.com,,357 N.W. Hall of Fame Drive,,Lake City,FL,32055,FL225
76,Columbia Skateland,330-878-5811,,,6388 Studer Drive NW,,Dover,OH,44622,OH089
77,Columbus Event Center,,rink@columbuseventcenter.com,,3868 63rd Avenue,,Columbus,NE,68601,NE045
78,Columbus Skateland,812-372-6677,columbusrollerrink@sbcglobal.net,http://www.columbusskateland.com,2660 North Talley Road,,Columbus,IN,47203-9352,IN035
79,Conaway's Rollerway,260-668-2045,conawaysrollerway@hotmail.com,http://www.conawaysrollerway.com,2160 W 175 N,,Angola,IN,46703,IN119
80,Conway Roller Rink Inc,,knute23@yahoo.com,http://www.conwayrollerrink.net,Highway 64 West,,Conway,AR,72032,AR056
81,Cordova Skating Center,901-755-0221,hockeelady@aol.com,,7970 Club Center Drive,,Cordova,TN,38018,TN084
82,Cortland Skateland Inc,330-637-4078,,,290 South High Street,,Cortland,OH,44410,OH053
83,Cosmic Skate & Play,717-762-7177,dan@cosmicskate.com,http://http://www.cosmicskate.com/,11870 Buchanan Trail East,,Waynesboro,PA,17268,PA216
84,Cotsamire's Skateland,419-562-6002,,,233 East Mansfield Street,,Bucyrus,OH,44820,OH182
85,Country Skateland,440-775-0550,,,45841 State Route 303,,Oberlin,OH,44074,OH162
86,Criss-Cross Roller Skating & Entertainment Center,570-837-0649,xmoto5@yahoo.com,http://www.crisscrossfun.com,12 North Creamery Ave.,,Middleburg,PA,17842,PA171
87,Crystal Palace Skate Center,702-645-4892,,,3901 North Rancho Road,,Las Vegas,NV,89130,NV010
88,Crystal Palace Skate Center,870-245-3800,george@cpskate.com,http://www.crystalpalaceskatecenter.com,102 Crystal Palace Drive,,Caddo Valley,AR,71923,AR064
89,Crystal Palace Skating Center,702-458-7107,tpoole7@cox.net,,4680 Boulder Highway,,Las Vegas,NV,89121,NV004
90,Da Jump Off Skating Rink LLC,985-340-4007,,,42411 Buzzetta Lane,,Hammond,LA,70403,LA086
91,Dad's Broadway Skateland,972-279-0421,dadsbroadway@tx.rr.com,http://www.dadsbroadway.com,3022 Moon Drive,,Mesquite,TX,75150,TX020
92,Dairy Ashford Roller Rink,281-493-5651,skatedairyashford@yahoo.com,http://www.skatedairyashford.com,1820 Dairy Ashford Road,,Houston,TX,77077,TX099
93,Dazzles,770-489-9519,,,3844 Longview Drive,,Douglasville,GA,30135,GA100
94,Dazzles II,770-460-8788,,,193 North 85 Business Pkwy,,Fayetteville,GA,30214,GA101
95,Del Monte Gardens,831-375-3202,keithdmg@earthlink.net,http://www.delmonteskate.com,2020 Del Monte Avenue,,Monterey,CA,93940,CA032
96,Deleta Skating,208-237-6298,deleta1@ida.net,,520 Yellowstone,,Pocatello,ID,83201,ID004
97,Deltona Skating Center,386-860-2710,deltonaskate@cfl.rr.com,http://www.deltonaskate.com,1680 Doyle Road,,Deltona,FL,32738,FL204
98,Depew Skating Center,716-681-6881,,,5287 Transit Road,,Depew,NY,14043,NY061
99,Deptford Skating Center,856-845-7353,rolldsc@gmail.com,http://www.deptfordskatingandfun.com,510 Deptford Avenue,,Westville,NJ,8093,NJ028
100,Detroit Roller Wheels,313-837-7680,,,16611 Schoolcraft,,Detroit,MI,48227,MI134
101,Dimond Skateland,907-345-0542,caldwell@gci.net,http://www.dimondskateland.com,8100 Homer Drive,,Anchorage,AK,99516,AK005
102,Dixie Skateland,313-289-1150,tmbrns03@gmail.com,,5179 North Dixie Highway,,Newport,MI,48166,MI002
103,DJ's Fun City LLC,,city@bellsouth.net,http://www.djsfuncity.com,2248 Highway 171,,DeRidder,LA,70634,LA049
104,Doc's Roller Review,717-944-7866,sk8doctor@docsfamilyfuncenter.com,http://http://www.docsfamilyfuncenter.com,1733 East Harrisburg Pike,,Middletown,PA,17057,PA027
105,Dominion Skating Center,540-825-3141,dominionsk8ting@yahoo.com,,1550 North Main Street,,Culpeper,VA,22701,VA045
106,Dover Skating Center Ltd,302-697-3219,doverskate@aol.com,http://www.doverskatecenter.com,2201 S DuPont Highway,,Dover,DE,19901,DE004
107,Dream Land Skating Arena,843-369-2055,,,4475 Privetts Road,,Conway,SC,29526,SC067
108,Dreamland Skate Center,251-661-6997,hp1742@aol.com,http://www.dreamlandskatecenter.com,5672 Three Notch Road,,Mobile,AL,36619,AL078
109,Dreamland Skating Center Inc,850-478-3994,bobby@myskatecenter.com,http://www.myskatecenter.com,2607 Olive Road,,Pensacola,FL,32514,FL022
110,D'sajs Skate & Fun Zone,601-736-1124,jewjohns1@aol.com,,1678 Highway 13 N,,Columbia,MS,39429,MS042
111,East End Skating Center,901-363-7785,hockeelady@aol.com,,5718 Mount Moriah,,Memphis,TN,38115,TN001
112,East Lake Skate Center,574-269-5342,tracesk8s@yahoo.com,http://www.eastlakeskate.com,3010 East Frontage Road,,Warsaw,IN,46580,IN087
113,Eastern Hills Skating Center Inc,716-633-6060,,,4675 Transit Road,,Buffalo,NY,14231,NY172
114,Edgewood Skate Arena,419-331-0647,skatearena@embarqmail.com,http://www.myspace/edgewoodskatearena,2170 Edgewood Drive,,Lima,OH,45805,OH036
115,Edru Roller Skate-A-Rama,517-699-2001,bdkoziara@bonaventureskate.com,http://www.skatarama.com,1891 North Cedar Street,,Holt,MI,48842,MI006
116,Eight Wheeler,217-243-4121,,,1204 South Lincoln Avenue,,Jacksonville,IL,62650,IL050
117,Ellhurst L.L.C.,724-924-2064,,,4203 Old Rt. 422,,New Castle,PA,16101,PA208
118,Emery Brothers Skating Rink,618-997-3080,pattyskate1@verizon.net,,1700 North Court,,Marion,IL,62959,IL028
119,Evan?s Skateland West,814-833-0740,,,3162 W Lake Rd,,Erie,PA,16505,PA022
120,Evan's Skateland,716-664-7351,,,50 Harrison,,Jamestown,NY,14701,NY014
121,Extreme Action Park,252-946-6076,extremeactionpark@yahoo.com,http://www.extremeactionpark.net,1878 Highway 17 South,,Chocowinity,NC,27817,NC101
122,Extreme Skate Zone,601-261-5330,extremeskatezone@hotmail.com,,5272 Old Highway 11,,Hattiesburg,MS,39402,MS040
123,Patches Bell,,bertrand@kaplantel.net,,,,,,,LA083
124,Family Fun Central,870-972-0400,,http://www.familyfuncentral.com,2700 Phillips Drive,,Jonesboro,AR,72401,AR020
125,Family Fun Inc,574-848-4110,skate@ebysfamilyfun.com,http://www.ebysfamilyfun.com,14583 S.R. 120,,Bristol,IN,46507,IN116
126,Fantasy Skating Center,610-929-3147,sk8bell3@juno.com,http://www.fantasysk8ing.com,500 George Street,,Reading,PA,19605,PA167
127,Fantasyland Skate Ctr DBA Uresti-West Mgmt LLC,956-687-5283,fantasylandskate@yahoo.com,,801 W Dove,,McAllen,TX,78504,TX246
128,Fiesta Village Family Fun Park,,,http://www.fiestavillage.com,1405 East  Washington,,Colton,CA,92324,CA249
129,Finley's Fun Center,606-864-9622,jeremy@finleysfuncenter.com,http://www.finleysfuncenter.com,1356 South Laurel Road,,London,KY,40744,KY040
130,Finley's Fun Center,859-236-8808,,http://www.finleysfuncenter.com,3846 Highway 150,,Danville,KY,40422,KY019
131,Finley's Fun Center,606-679-4386,,http://www.finleysfuncenter.com,75 Commercial Drive,,Somerset,KY,42501,KY076
132,Firehouse Skate 'N Play,540-890-2250,hornefh@rbnet.com,http://www.firehousesk8.com,1620 Washington Avenue,,Vinton,VA,24179,VA037
133,Fleetwood Roller Rink,708-458-0300,skatingaround@sbcglobal.net,http://www.fleetwoodrollerrink.com,7231 Archer Avenue,,Summit,IL,60501-0000,IL035
134,Florham Park Roller Rink,201-377-0465,manager@rollerrink.net,http://www.rollerrink.net,192 Ridgedale Avenue,,Florham Park,NJ,7932,NJ010
135,Florida Wheels,941-747-8602,flwbad@aol.com,http://www.floridawheelsskating.com,3611 3rd Street West,,Bradenton,FL,34205,FL044
136,Foothill Skate Inn,916-488-4701,troyandjan@pacbell.net,http://www.foothillskateinn.com,4700 Auburn Boulevard,,Sacramento,CA,95841,CA098
137,Footloose Skating Center,704-982-8665,abajaysk8@aol.com,,2223 Highway 52 North,,Albemarle,NC,28001,NC095
138,Fort Smith Skateland,479-646-2538,bob@jackskateland.com,http://www.jackskateland.com,1413 Phoenix Avenue,,Fort Smith,AR,72901,AR005
139,Forum Rollerworld,972-641-0661,waltskate@yahoo.com,http://www.forumrollerworld.com,1900 South Great SW Parkway,,Grand Prairie,TX,75051,TX024
140,Fountain Valley Skating Ctr,714-847-0022,info@fv-skate.com,http://www.fountainvalleyskatingcenter.com,9105 Recreation Circle,,Fountain Valley,CA,92708,CA129
141,Fountainblu Skating Arena,717-938-3777,skate@fountainblu.com,http://www.fountainblu.com,521 Locust Road,,New Cumberland,PA,17070,PA069
142,Fox Valley Roller Rink,920-722-0004,,,1215 Gillingham Street,,Neenah,WI,54956,WI053
143,Franklin Skate Club,317-738-3775,fskateclub@aol.com,http://www.franklinskateclub.com,2680 North Morton Street,,Franklin,IN,46131,IN020
144,Franklin Skating Center,856-694-2690,,,Route 47,,Franklinville,NJ,8322,NJ011
145,Freckles Skate Center Inc.,,sir3@windstream.net,,2724 Quitman Hwy,,Moultrie,GA,31768,GA002
146,Frenchtown Roller Rink,908-996-6313,kmp317@hotmail.com,http://www.frenchtownrollerrink.com,Highway 29,,Frenchtown,NJ,8825,NJ034
147,Frye's Roller Rink,704-782-5513,rcjiii@fryes4fun.com,http://www.fryes4fun.com,2800 Poplar Tent Road,,Concord,NC,28027,NC006
148,Ft Walton Skating Center Inc.,850-863-1223,allenglo@cox.net,,202 Racetrack Road NW,,Fort Walton Beach,FL,32547,FL063
149,Fun Dome,859-282-9900,,,7864 Commerce Drive,,Florence,KY,41042,KY070
150,Fun Factory Entertainment Inc.,330-332-4455,salemfunfactory@gmail.com,http://www.salemfunfactory.com,520 East Pershing,,Salem,OH,44460,OH113
151,Fun Factory Roller Skating,513-631-7500,scott@funfactoryrollerskating.com,http://funfactoryrollerskating.com,1631 Sherman Avenue,,Cincinnati,OH,45212,OH151
152,Fun 'N Stuff Amusements,800-467-0820,info@fun-n-stuff.com,http://www.fun-n-stuff.com,661 East Highland Road,,Macedonia,OH,44056,OH184
153,Fun Spot Arena,419-693-1421,,,525 Earlwood Avenue,,Oregon,OH,43616,OH031
154,Fun Spot Skating Center,618-234-4502,funspotrocks@sbcglobal.net,http://www.funspotrocks.com,1400 West Boulevard,,Belleville,IL,62221-5056,IL014
155,Funcity,281-316-1383,sjones@funcitysk8.com,http://www.funcitysk8.com,1500 North Texas Avenue,,Webster,TX,77598,TX255
156,Funkys Skate Center,540-433-1834,willstouk@comcast.net,,100 Miller Street,,Harrisonburg,VA,22801,VA040
157,FunQuest Family Ent Skate Ctr,434-239-6411,funquest2@aol.com,http://www.funquestfun.com,327 Graves Mill Road,,Lynchburg,VA,24502,VA013
158,Funquest Skate,901-850-1124,vickie@hartpropertiesgroup.com,http://www.funquestskate.com,440 Highway 72 West,,Collierville,TN,38017,TN088
159,Funtime Skate Ctr,205-631-9206,funtimesk8@aol.com,http://www.myskatecenter.com,3508 Decatur Highway,,Fultondale,AL,35068,AL069
160,Funtime Skateland of Pearl Inc,601-939-0880,,,123 Legion Lake Road,,Pearl,MS,39208,MS008
161,Funtown USA,618-931-5060,funusa@aol.com,,3967 Lake Drive,,Pontoon Beach,IL,62040,IL136
162,Funway Entertainment Center,630-879-8730,fun@funway.com,http://www.funway.com,1335 South River Street,,Batavia,IL,60510,IL092
163,Galaxy Roller Rink,616-684-8197,,,1120 Ontario,,Niles,MI,49120,MI149
164,Galaxy Skateland LLC,304-263-4515,maynardj@ors.od.nih.gov,,1201 North 3rd Street,,Martinsburg,WV,25401,WV031
165,Galaxy Skateway,305-378-6700,joyce@skatingcenters.com,http://www.skatingcenters.com,3737 North Davie Road Ext,,Hollywood,FL,33024,FL077
166,Galaxy Skateway,305-378-6700,joyce@skatingcenters.com,http://www.skatingcenters.com,7500 Southgate Boulevard,,North Lauderdale,FL,33068,FL088
167,Galaxy Skateway,321-242-0789,galaxyskate@aol.com,http://www.galaxyskateandplay.com,1488 Aurora Road,,Melbourne,FL,32935,FL018
168,Galaxy Skating Center,,ycombs@southerneq.com,,4100 W Vernon Ave,,Kinston,NC,28504,NC036
169,Garden Roller Rink,606-928-3055,,,5656 Route 60,,Ashland,KY,41102,KY064
170,Gem Roller Rink,920-734-2123,gemdaddy3717@aol.com,,3717 South Oneida Street,,Appleton,WI,54915,WI013
171,Gemini Skating & Sports LLC,248-608-2858,geminiskatingsports@yahoo.com,http://www.geminiskating.com,1700 South Livernois,,Rochester Hills,MI,48307,MI017
172,Geneva Rollerdrome,315-789-6033,,,214 Lyons Road,,Geneva,NY,14456,NY159
173,George's Skate Center,,geocogswell@hotmail.com,,3710 Green Switch Rd,,Decatur,IL,62526,IL052
174,George's Skate Center,541-567-1429,geosk8cntr@yahoo.com,,922 East Main,,Hermiston,OR,97838,OR002
175,Gibson Arena,765-282-2971,,,2610 South Mock Avenue,,Muncie,IN,47302,IN011
176,Gibson Arena - New Castle,317-529-8181,,,406 North Memorial,,New Castle,IN,47362,IN064
177,Glenwood Roller Rink,708-754-5540,,http://www.glenwoodrollerrinkinc.com,656 Holbrook Road,,Glenwood,IL,60425,IL097
178,Gold Coast Roller Rink,954-523-6783,goldcoastsk8@bellsouth.net,,2604 South Federal Highway,,Fort Lauderdale,FL,33316,FL009
179,Golden Gate Skateland,228-392-4395,,,11169 Lamey Bridge Road,,Biloxi,MS,39540,MS007
180,Golden Glide Roller Skating Rink,404-288-7773,goldenglide@msn.com,http://www.atlantarollerskating.com,2750 Wesley Chapel Road,,Decatur,GA,30034,GA023
181,Good Times Skate Arena,903-677-1168,quessiegoodtime@aol.com,,517 Progress Way,,Athens,TX,75751-5925,TX210
182,GR8SK8,334-297-2223,bhewes@greatnewsinc.com,,1027 US 280 Bypass,,Phenix City,AL,36867,AL097
183,Granbury Skating Rink,817-279-8881,,,1901 West Pearl,,Granbury,TX,76048,TX910
184,Gray-8 Skate,,gray8skate@aol.com,,4151 Gray Hwy,,Gray,GA,31032,GA123
185,Great Day! Skate Place,479-273-1800,rose@yahoo.com,http://www.greatdayskate.com,1615 Moberly Lane,,Bentonville,AR,72712,AR078
186,Great Skate,,niloa@greatskatejefferson.com,,25 Hawkins Lane,,Jefferson,GA,30549,GA127
187,Great Skate Roller Rink Inc,636-441-2530,greatskatemo@sbcglobal.net,http://www.greatskaterollerrink.com,130 Boone Hills Drive,,St Peters,MO,63376,MO100
188,Great Skates,207-945-0202,lsjnd@aol.com,,82 Sylvan Road,,Bangor,ME,4401,ME023
189,Great Skates Fun Center,765-447-8758,rscottlehr@hotmail.com,http://www.greatskates.org,135 South Earl Avenue,,Lafayette,IN,47904,IN110
190,Great Time Skate,281-442-0720,,,14417 Aldine-Westfield,,Houston,TX,77039,TX182
191,Greenbrier Family Skating Center,757-420-0258,gfskate@erols.com,http://www.erols.com/gfskate,1409 Stephanie Way,,Chesapeake,VA,23320,VA096
192,Gresham Skate World Inc,503-667-1647,,,1220 NE Kelly Ave,,Gresham,OR,97030,OR024
193,Griffin Skate Inn Inc,770-227-5283,,,2489 North Expressway,,Griffin,GA,30223,GA079
194,Hall's Skateland Inc.,276-783-2690,skatelady46@yahoo.com,,152 Adwolfe Rd,,Marion,VA,24354,VA105
195,Hamilton Skate Place,423-899-1788,fproctor2@comcast.net,http://www.hamiltonskate.com,7417 Goodwin Road,,Chattanooga,TN,37421,TN091
196,Hansen's Holiday Skate Center,,eastlakeskate@hotmail.com,,28736 CR 20 West,,Elkhart,IN,46517,IN118
197,Happy Wheels of Portland,207-797-7949,,,331 Warren Avenue,,Portland,ME,04103-1106,ME002
198,Harborena Roller Rink,360-532-4483,,,2112 Simpson Avenue,,Hoquiam,WA,98550,WA004
199,Haygood Skating Center,757-460-1138,,,1036 Ferry Plantation Road,,Virginia Beach,VA,23455,VA028
200,Heartland Skateway,325-643-3156,qtrbbowen@verizon.net,,1031 Early Boulevard,,Early,TX,76802,TX195
201,High Roller Skating Center,608-788-7170,email@highrollerskating.com,http://www.highrollerskating.com,3624 East Avenue South,,La Crosse,WI,54601,WI038
202,High Rollers,708-615-9408,montoyawells@yahoo.com,,2037 S 2nd Ave,,Maywood,IL,60153,IL175
203,High Rollers Rec Center,518-843-0783,,,523 County Highway 126,,Amsterdam,NY,12010,NY146
204,Hillsboro Skate World,503-640-1333,,,4395 SE Witch Hazel Road,,Hillsboro,OR,97123,OR046
205,Holiday Skate Center,714-997-5283,holidaysk8@aol.com,http://www.holidayskate.com,175 North Wayfield Drive,,Orange,CA,92867,CA102
206,Holiday Skating Center,760-243-9643,bpskate@aol.com,,14950 Palmdale Road,,Victorville,CA,92392,CA158
207,Holiday Skating Center,856-461-3770,,http://www.holidayskatingcenter.com,1775 Creek Road,,Delanco,NJ,8075,NJ001
208,Hopkinsville's Roller Dome,270-885-3663,wthomas@hopkinsville.net,http://www.rollerdomefunplex.com,1230 Skyline Drive,,Hopkinsville,KY,42240,KY037
209,Horizon Fun F/x Inc,585-865-0493,horizonfx@aol.com,http://www.horizonfunfx.com,675 Ling Road,,Rochester,NY,14612,NY141
210,Hot Skates,516-593-1300,hotskatesrink@cs.com,http://www.hotskates.com,14 Merrick Road,,Lynbrook,NY,11563,NY073
211,Hot Wheels Skate Center,850-478-3994,funtimesk8@aol.com,http://www.myskatecenter.com,228 Farm Ridge Drive,,Woodstock,GA,30188,GA103
212,Hot Wheels Skate Center,931-474-7655,skate@hotwheels-skate.com,http://www.hotwheels-skate.com,154 Hot Wheels Lane,,Mc Minnville,TN,37110,TN087
213,Hot Wheels Skate Center,931-796-6515,dengar727@gmail.com,,Highway 412 West,,Hohenwald,TN,38462,TN082
214,Hot Wheels Skate Center Inc,850-682-6699,srlazmb@yahoo.com,http://www.hotskatewheels.com,383 Coleman Street,,Crestview,FL,32536,FL134
215,Hot Wheels Skating Center,843-795-7982,moreinfo@hotwheelsskating.net,http://www.hotwheelsskating.net,1523 Folly Road,,Charleston,SC,29412,SC058
216,Hot Wheels Skating Palace,318-747-5095,hotwheelsskating@bellsouth.net,,3000 Old Minden Rd,,Bossier City,LA,71112,LA088
217,Hot Wheels Skating Palace Shreveport,318-686-6095,theresa@hotwheelsskatingpalace.com,http://www.hotwheelsskatingpalace.com,5110 Bert Kouns Ind Loop,,Shreveport,LA,71129,LA004
218,Howard Sports Roller World,207-725-5505,,,20 Atwood Road,,Topsham,ME,4086,ME024
219,Humble Family Skate,281-446-9232,hfsc@ev1.net,http://www.humbleskate.com,320 North Houston Avenue,,Humble,TX,77338,TX048
220,Hurst Skateland,817-282-1151,hurstskate@aol.com,http://www.skatehurst.com,815 Forest Oaks,,Hurst,TX,76053,TX056
221,Idyl Wyld Roller Rink,765-674-1278,dctrue67@aol.com,http://www.idylwyldskate.com,4013 South Meridian,,Marion,IN,46953,IN017
222,Illini Skateland,217-442-3340,,http://www.illiniskateland.com,Route 5 Brewer Road Box 1725,,Danville,IL,61834,IL005
223,Incredi-Roll Skate & Family Fun Center,414-545-8445,sk8uwithme@aol.com,,10928 West Oklahoma Avenue,,West Allis,WI,53227,WI032
224,Indian Lake Rollarena,937-843-4458,ilrollarena8@earthlink.net,,PO Box 90,,Russells Point,OH,43348,OH154
225,Indiana Skating Center,724-463-3161,,,2131 Shelly Drive,,Indiana,PA,15701,PA100
226,Insanity Skate Center,256-971-1800,fpitts@quantum-intl.com,,100 Skate Park Drive,,Madison,AL,35758,AL088
227,Interskate,256-233-1670,,,813 Highway 72 West,,Athens,AL,35611,AL062
228,Interskate 88,607-432-0366,,,Route 23 Southside,,Oneonta,NY,13820,NY129
229,Interskate 91 - South,413-543-4664,wheelyfunn@aol.com,http://www.interskate91.com,2043 Boston Road,,Wilbraham,MA,1095,MA057
230,Interskate 91-North,413-586-8344,hoeflerbt@aol.com,http://www.interskate91.com,Hampshire Mall,,Hadley,MA,1035,MA035
231,Interskate Family Fun Center,919-359-2252,rongammon@yahoo.com,http://www.interskaterollerskating.com,131 Guy Road,,Clayton,NC,27520,NC110
232,Interskate of Kilgore,,thetshirtlady@yahoo.com,,2801 N Longview St,,Kilgore,TX,75663,TX379
233,Interskate Roller Rink,972-221-4666,luther@interskate.net,http://www.interskate.net,1408 South Business Highway 121,,Lewisville,TX,75067,TX175
234,Ionia Skateland,616-527-0706,ioniaskateland@hotmail.com,,820 North Jefferson Street,,Ionia,MI,48846,MI081
235,ISC of Mt Laurel,856-273-2828,,http://www.intsports.com,1 Hovtech Boulevard,,Mt. Laurel,NJ,8054,NJ082
236,Jackson Cavalier Roller Rink,740-286-6215,jcavalier@hughes.net,http://www.cavalierrollerrink.com,Fairmont Street,,Jackson,OH,45640,OH179
237,Jackson Skating Center,732-363-2222,,,PO Box 1122  County Line,,Jackson,NJ,8527,NJ048
238,Jacksonville Skate World,501-982-1662,,,521 J. P. Wright Loop Road,,Jacksonville,AR,72076,AR017
239,Jammer's Skate-N-Fun Center,803-533-1600,jammersskating@aol.com,http://www.jammersskating.com,698 Murray Road SW,,Orangeburg,SC,29115,SC037
240,Jamz Family Entertainment Facility,215-335-3400,michaelfeiger@hotmail.com,http://www.jamzrollerskating.com,7017 Roosevelt Boulevard,,Philadelphia,PA,19149,PA142
241,Jasper Skate Palace,812-482-4565,bsrawlins@verizon.net,http://www.jasperskatepalace.com,1013 4th Avenue,,Jasper,IN,47546,IN007
242,Jelly Beans Family Skate Center,,,http://www.skatejellybeans.net,5216 Oleander Dr,,Wilmington,NC,28403,NC048
243,JellyBeans,919-467-5283,,http://www.skatejellybeans.com,1120 Buck Jones Road,,Raleigh,NC,27606,NC098
244,JellyBeans of Raleigh,919-562-2326,,http://www.skatejellybeans.com,10701 Common Oaks Drive,,Raleigh,NC,27614,NC121
245,Jen,,mtallitsch@rollerskating.com,,1234,,imdy,ID,45646,12340
246,Jen's Jellyroll,,jwendel@rollerskating.com,,6905 Corp,,Indianapolis,IN,46260,RS003
247,Jimmies Rollerdome Inc,859-342-9848,,,115 Main Street,,Erlanger,KY,41018,KY001
248,Johnny's Skate Center,231-757-9411,,,2276 East US 10,,Custer,MI,49405,MI137
249,Joyland Skating Center,501-843-7341,joylandskating@yahoo.com,http://www.joylandskating.com,2020 S Second St,,Cabot,AR,72023,AR089
250,Jumpin Jupiter Skate Center,231-773-5538,wymerj@gmail.com,http://www.jumpinjupiter.net,1775 Evanston Avenue,,Muskegon,MI,49442,MI141
251,Just for Fun Roller Rink,815-363-4386,justforfunrollerrink@comcast.net,http://www.justforfunrollerrink.com,914 North Front Street,,McHenry,IL,60050,IL169
252,Kates Skating Center,704-821-7465,ikatesskatingr@carolina.rr.com,,14500 Highway 74 East,,Indian Trail,NC,28079,NC108
253,Kate's Skating Rink,704-864-7007,billythompson@katesonline.com,http://www.katesonline.com,1151 Skating Rink Road,,Gastonia,NC,28054,NC120
254,Kate's Skating Rink,704-824-2552,billythompson@katesonline.com,http://www.katesonline.com,4114 East Franklin Boulevard,,Gastonia,NC,28054,NC007
255,Kates Skating Rink of Rock Hill,803-329-5283,,,1530 Celanese Road,,Rock Hill,SC,29732,SC026
256,Kates Skating Rink of Shelby,803-479-5949,ncskater11@aol.com,,1318 Cornwell Drive,,Shelby,NC,28152,NC011
257,Kaufman Arcade & Skate Center Inc.,,kaufmanarcadeandskate@yahoo.com,,201 Old Rail Road,,Kaufman,TX,75142,TX385
258,KC's Nutty Roller,432-694-3575,mysticret@suddenlink.net,http://www.kcsnuttyroller.com,1004 A Andrews Highway,,Midland,TX,79701,TX251
259,Kempsville Family Skating Ctr,757-420-9400,,http://www.kempsvilleskatingctr.com,5351 Lila Lane,,Virginia Beach,VA,23464,VA074
260,Kendall Park Skating,732-297-3003,kendallparkskating@gmail.com,http://www.kendallparkskating.com,3550 Route 27,,Kendall Park,NJ,8824,NJ021
261,Kennys Roller Ranch,319-752-2043,tbarraclough@mchsi.com,http://www.kennysrollerranch.com,8989 Koestner,,Burlington,IA,52601,IA079
262,Kentwood Fun Spot,616-534-8106,skates@kentwoodfunspot.com,http://www.kentwoodfunspot.com,14 52nd Street SE,,Grand Rapids,MI,49548,MI021
263,Killeen Skate Palace,254-519-2333,mdickens@swbell.net,http://www.skatepalace.net,4400 South Fort Hood Street,,Killeen,TX,76542,TX004
264,Kings Sk Country-Bradshaw,916-363-2643,tsking@cwnet.com,http://www.kingskatecountry.com,2900 Bradshaw Road,,Sacramento,CA,95827,CA081
265,Kings Skate Country,916-684-7132,kingsskatecountry@frontiernet.net,http://www.kingsskatecountry.com,10408 Franklin Boulevard,,Elk Grove,CA,95757,CA027
266,Kingsway Skateland,270-443-1646,kskate@vci.net,,3430 Wayne Sullivan Drive,,Paducah,KY,42003,KY017
267,La Rose's Skating Rink,610-377-1859,,http://www.laroses.net,2800 Interchange Rd,,Lehighton,PA,18235,PA037
268,Lakeland Skate World Inc.,863-687-6447,cdedes@tampabay.rr.com,http://www.skatelakeland.com,911 N. Lake Parker Avenue,,Lakeland,FL,33801,FL224
269,Lakeshore Roller World Inc,269-429-7700,rollerwo@sbcglobal.net,http://www.lakeshorerollerworld.com,5567 Red Arrow Highway,,Stevensville,MI,49127,MI050
270,Landmark 2 Inc.,816-524-2000,landmark2@kc.rr.com,http://www.landmark2skate.com,701 South East Oldham Court,,Lees Summit,MO,64081,MO026
271,Landmark Skate Center,850-453-5621,zoe@gulf.net,http://www.landmarkskate.com,1002 North Navy Boulevard,,Pensacola,FL,32507,FL050
272,Lapeer Skating Center,810-664-6681,,,2100 North Lapeer Road,,Lapeer,MI,48446,MI041
273,Laurel Skating Center,301-725-8070,,,9890 Brewers Court,,Laurel,MD,20723,MD025
274,Lawson Starlite Entertainment Inc.,765-584-5773,,,143 North Cash,,Winchester,IN,47394,IN046
275,Leo's Rollerland,504-925-9186,,http://www.sk8leos.com,1717 North Airway Drive,,Baton Rouge,LA,70815,LA075
276,Lincoln Park Skating Center,734-416-5517,,,1419 Southfield Road,,Lincoln Park,MI,48146,MI139
277,Lloyd's Recreation Ltd,403-252-0146,lloydsrec@shaw.ca,http://www.lloydsrollerrink.com,7520 Macleod Trail South,,Calgary, Alberta,T2H 0L9,CN022
278,Lloyds Roller Rink,205-291-2256,,,121 East 31st Street,,Covington,KY,41015,KY023
279,Lockwood Skating Palace,713-673-2232,,,3323 East Lockwood Drive,,Houston,TX,77026,TX909
280,Logansport Skateworld and Fun Center,,ken46902@hotmail.com,,2625 E Market St,,Logansport,IN,46947,IN123
281,Lollipops LLC,,skatingrink@hotmail.com,,9099 Highway 51 North,,Southaven,MS,38671,MS009
282,Lombard Roller Rink,630-953-2401,sandih2801@sbcglobal.net,http://www.lombardrollerrink.com,201 West 22nd Street,,Lombard,IL,60148,IL128
283,Long Lake Roller Rink,269-327-0407,longlakerollerrink@sbcglobal.net,http://www.LongLakeRollerRink.com,4525 Long Lake Drive,,Portage,MI,49002,MI005
284,Looney's Super Skate,334-281-1032,sk8guy@looneysskate.com,,3541 McGehee Road,,Montgomery,AL,36111,AL080
285,Loops,502-663-7333,ainsua@loops.com.gt,http://www.loops.com.gt,Km 17.5 Carretera A San Jose Pinula,,Guatemala City,GU,,GU001
286,Louisville Rollatorium Inc.,330-875-2934,razybas27@aol.com,,1330 South Chapel Street,,Louisville,OH,44641,OH033
287,Lowe's Skateway,620-231-5688,secondwindracing2000@yahoo.com,,2719 North Joplin Street,,Pittsburg,KS,66762,KS072
288,Lumberton Skateworld,910-738-2888,jfranklin61@hotmail.com,,3475 Fayetteville Road,,Lumberton,NC,28358,NC069
289,Lynden Skateway,360-354-3851,lyndenskateway@verizon.net,http://www.skateway.org,421 Judson Street,,Lynden,WA,98264,WA009
290,Lynnwood Skate,425-778-4446,info@bowlandskate.com,http://www.bowlandskate.com,6210 200th Street SW,,Lynnwood,WA,98036,WA019
291,Lynwood Sport Center,708-474-5900,skatelynwood@aol.com,http://www.skatelynwood.com,2030 Glenwood Dyer Road,,Lynwood,IL,60411,IL070
292,Macomb Skateland,,stevend8270@yahoo.com,,201 Shady Ln,,Macomb,IL,61455,IL025
293,Magic Elm Skateland Inc,717-632-1888,info@magicelmskateland.com,http://www.magicelmskateland.com,625 West Elm Avenue,,Hanover,PA,17331,PA071
294,Magic Wheels,931-906-7300,skatecenter@live.com,,1671 Fort Campbell Blvd,,Clarksville,TN,37042,TN105
295,Magic Wheels of Dickson,615-446-9736,,,220 Tennsco Drive,,Dickson,TN,37056,TN083
296,Magic Wheels Skate Center,901-664-2069,,http://www.skatingisgreat.com,1112 Highway 45 By-pass,,Jackson,TN,38301,TN075
297,Mainstreet USA RS Center,630-289-8000,,http://www.mainstreetusaskating.com,23 West Streamwood Blvd,,Streamwood,IL,60107,IL049
298,Mannings's Texas On Wheels,409-899-1122,oniap@manningsupply.com,,5735 College,,Beaumont,TX,77707,TX026
299,Manslick Rollerdrome,502-363-3700,helennahayes@yahoo.com,,721 Gagel Avenue,,Louisville,KY,40216,KY012
300,Markham Roller Rink,708-339-7373,,,16630 South Dixie Highway,,Markham,IL,60426,IL161
301,Martin's Skating Center,843-464-0585,,,3129 East Highway 76,,Mullins,SC,29574,SC039
302,Maysville Roller Rink,,maysvillerollerrink@maysvilleky.net,http://www.maysvillerollerrink.com,302 Lexington Street,,Maysville,KY,41056,KY073
303,Mega Skate,256-878-7619,lsaint@hiwaay.net,http://www.megaskate.com,900 Cooley Street,,Albertville,AL,35950,AL074
304,Mentor Skateland Inc,440-257-3631,dphillips2112@yahoo.com,http://www.mentorskateland.com,5615 Andrews Road,,Mentor-on-the-Lake,OH,44060,OH055
305,Merry-Go-Round Skate Center,205-547-4047,,,6494 Whorton Bend Rd,,Gadsden,AL,35901,AL002
306,Metro-Skate West,989-684-1123,,,4133 North Euclid Avenue,,Bay City,MI,48707,MI070
307,Mid-Cities Skateland,972-790-1610,,http://www.midcitiesskate.com,1333 South Beltline Road,,Irving,TX,75060,TX023
308,Midway Roller Rink,616-965-7427,,,11448 E Michigan Avenue,,Battle Creek,MI,49014,MI115
309,Milford Skating Center,302-422-3700,,,1 Park Avenue,,Milford,DE,19963,DE006
310,Miracle Skate,559-674-7655,miracleskate@gmail.com,,1850 West Cleveland,,Madera,CA,93637,CA234
311,Mitchell's Martial Arts and Fitness,410-341-3333,,,1305 South Division,,Salisbury,MD,21804,MD006
312,Moon Glo,301-724-9086,,,12700 Bedford Road NE,,Cumberland,MD,21502,MD003
313,Moon Glo II,814-623-9597,,,3667 Business Route 220,,Bedford,PA,15522,PA031
314,Moonlight Rollerway,818-241-3630,dominic@charterinternet.com,http://www.moonlightrollerway.com,5110 San Fernando,,Glendale,CA,91204,CA038
315,Music-in-Motion,843-832-6077,,http://www.mimskate.com,1341 College Park Road,,Summerville,SC,29483,SC060
316,Muskogee Skate Center,918-683-8800,,,2105 Gibson,,Muskogee,OK,74403,OK048
317,Narragansett Ocean Club,401-783-6120,,,PO Box 328,,Narragansett,RI,2882,RI003
318,Neville Roller Drome Inc,412-264-9856,,,5109 Neville Road,,Neville Island,PA,15225,PA082
319,North Canton Roller Arena Inc,330-499-7170,,http://www.northcantonskatecenter.com,5475 Whipple Avenue,,North Canton,OH,44720,OH023
320,Northland Rolladium,816-792-0590,northlandsk8@kc.rr.com,http://www.skateliberty.com,1020 South Kent Street,,Liberty,MO,64068,MO096
321,Northland Roller Rink,313-535-1443,,,22311 West 8 Mile Road,,Detroit,MI,48219,MI012
322,Northporte Rollercade,210-826-6361,rollercade@aol.com,,223 Recoleta,,San Antonio,TX,78216,TX014
323,Northridge Skateland,818-885-7655,steveearley@hotmail.com,http://Skateland.net,18140 Parthenia Street,,Northridge,CA,91325,CA018
324,Oaks Park Roller Rink,503-233-5777,gjkolibaba@comcast.net,http://www.oakspark.com,Ft of SE Spokane Street,,Portland,OR,97202,OR001
325,Ohio Skate - Maumee Ohio,419-893-4031,natalie@toast.net,http://www.ohioskate.com,1370 Conant Street,,Maumee,OH,43537,OH119
326,Ohio Skate North Inc,419-476-2808,,,5735 Opportunity Drive,,Toledo,OH,43612,OH068
327,Olympia Family Fun Center,478-474-8445,pyramid@pyramid.mgacoxmail.com,http://www.olympiaskate.com,5020 Mercer University Drive,,Macon,GA,31210,GA050
328,Olympic Fun Center Inc,724-981-3374,olympicfc@roadrunner.com,http://www.olympicfuncenter.com,4070 East State Street,,Hermitage,PA,16148,PA184
329,Olympic Skate Center,360-452-8453,,,707 South Chase Street,,Port Angeles,WA,98362,WA020
330,Olympic Skating Center,,olympicskatingcenter@verizon.net,http://www.olympicskatingcenter.com,60 Shady Lane,,Enola,PA,17025,PA140
331,On A Roll Family Skate Center,724-272-7251,monty2@nauticom.net,,9180 Marshall Rd,,Cranberry Township,PA,16066,PA225
332,Orbit Skate Center,847-394-9199,info@orbitskate.net,http://www.orbitskate.net,615 S. Consumers Avenue,,Palatine,IL,60074,IL041
333,Ozaukee Skateland,262-377-7443,,http://www.skate-land.com,7084 Sycamore Drive,,Cedarburg,WI,53012,WI082
334,Palace Skating Ctr,215-698-8001,trendfree@aol.com,,11586 Roosevelt Boulevard,,Philadelphia,PA,19116,PA118
335,Pancake Skate 'N' Whirl,724-223-9500,,,10 McCoy Lane,,Washington,PA,15301,PA158
336,Paradise Skate Roller Rink,925-779-0204,jeff@paradiseskate.com,http://www.paradiseskate.com,1201 W 10th St.,,Antioch,CA,94509,CA120
337,Pasadena Skating Center,301-437-3636,,,2318 Mountain Road,,Pasadena,MD,21122-0000,MD018
338,Pattison's North,509-466-2832,pattison01@gmail.com,,11309 N Mayfair Road,,Spokane,WA,99218,WA015
339,Pattison's West Skating Center,253-838-5788,kpattfw@aol.com,,34222 Pacific Highway South,,Federal Way,WA,98003-6880,WA044
340,Pearson's Skating Rink,618-438-5131,bizrib6yb@verizon.net,http://www.myspace.com/pearsonsrink,7697 State Hwy 37,,Benton,IL,62812,IL032
341,Pearwood Skate Center Inc,281-482-4060,pearwoodskate@yahoo.com,http://www.pearwoodskate.com,1230 East Broadway,,Pearland,TX,77581,TX117
342,Peninsula Family Skating Ctr,757-599-4769,,http://www.pfskate.com,307 Main Street,,Newport News,VA,23601,VA001
343,Penn Skates,814-357-6898,vdench@pennskates.com,http://www.pennskates.com,2210 High Tech Road,,State College,PA,16803,PA214
344,Peoria Palace Skating Rink,309-579-3626,peoriapalace@rollerskating.com,http://www.peoriapalace.com,11009 N. State Street,,Mossville,IL,61552,IL166
345,Petal Roller Dome,601-544-6500,petalrollerdome@bellsouth.net,,100 Cameron Road,,Petal,MS,39465,MS033
346,Pheasantland Rollerdrome,610-689-9249,pheasantland@aol.com,,551 Manatawny Road,,Boyertown,PA,19512,PA042
347,Planet X Roller World,309-382-3010,planetx@grics.net,http://www.skateplanetx.com,2075 Edgewater Dr,,Pekin,IL,61554,IL174
348,Play Zone Fun Center,256-638-4121,havefun@playzonefuncenter.net,http://www.playzonefuncenter.net,208 Scott Avenue N,,Rainsville,AL,35986,AL096
349,Playland Skating Center,512-452-1901,info1@playlandskatecenter.com,http://www.playlandskatecenter.com,8822 McCann Drive,,Austin,TX,78757,TX366
350,Playtime Party Center,,henrythehippo@playtimepartycenter.com,,1225 Wentzville Pkwy,,Wentzville,MO,63366,MO127
351,Plaza Roller Rink,757-723-9749,,,1924 East Pem Broke Avenue,,Hampton,VA,23664,VA029
352,Prosser's Family Fun Center,509-786-3515,rollerskate5@hotmail.com,,602 7th Street,,Prosser,WA,99350,WA056
353,PRP Skate Zone,,skatezonekyana@gmail.com,,7846 Dixie Hwy,,Louisville,KY,40258,KY083
354,Purcellville Skating Rink,540-338-5025,info@pvilleskating.com,http://www.pvilleskating.com,250 S Nursery Ave,,Purcellville,VA,20132,VA102
355,Rainbo Skating Center,931-552-9670,,,2631 41A Bypass,,Clarksville,TN,37042,TN077
356,Rainbow Roller Rink,936-539-6646,,,1695 N Loop 336 East,,Conroe,TX,77301,TX238
357,Rainbow Roller Rink,309-734-8045,rainbowrr@maplecity.com,http://www.myspace.com/rainbowrollerink.com,405 North 11th Street,,Monmouth,IL,61462,IL019
358,Rainbow Roller Rink,716-693-1100,cooper585@aol.com,http://www.rainbowrink.com,101 Oliver Street,,North Tonawanda,NY,14120,NY001
359,Rambo's Skateland,251-675-6601,kennyh0517@yahoo.com,,531 Highway 43 South,,Saraland,AL,36571,AL024
360,Ramona Roller Rink,269-591-9042,kateking2@yahoo.com,http://www.ramonarollerrink.webs.com,93103 CR 690,,Dowagiac,MI,49047,MI158
361,Raystown Roller Rink,814-542-2520,,,Route 522 South,,Mount Union,PA,17066,PA183
362,Razor City Skateland,307-682-3529,mkindt@vcn.com,,885 Hannum Road,,Gillette,WY,82716,WY016
363,Reca Roller Rink,859-635-4273,,,11 View Point Drive,,Alexandria,KY,41001,KY061
364,Red Bird Skateland,972-298-8484,hudsongil@aol.com,http://www.redbirdskateland.com,1206 Duncanville Road,,Duncanville,TX,75116,TX068
365,Red Bridge Roller Rink,717-264-9916,michael1148@yahoo.com,http://www.redbridgerollerrink.com,1993 Philadelphia Avenue,,Chambersburg,PA,17201,PA164
366,Red's II Skate Center,706-845-7655,redsrollerdrum@bellsouth.net,http://www.3creeksentertainment.net,305 Old Roanoke Road,,Lagrange,GA,30240,GA102
367,Redwood Roller Rink,650-369-5558,cipars@aol.com,,1303 Main Street,,Redwood City,CA,94063,CA043
368,Reva Rollerdrome,315-252-8225,revarollerdrome@verizon.net,http://www.reva-rollerdrome.com,359 W Genesee St,,Auburn,NY,13021,NY114
369,Rich City Skate,708-748-7750,richcityskate@sbcglobal.net,http://www.richcityskate.com,4645 Sauk Trail,,Richton Park,IL,60471,IL101
370,River City Roller Rink,608-326-2641,srider5@centurytel.net,,815 East Campion Boulevard,,Prairie Du Chien,WI,53821,WI088
371,River Rats Rink & Arcade,217-323-2010,riverratsrink@hotmail.com,,219 West Main,,Beardstown,IL,62618,IL170
372,River Rollskate Center,816-587-0131,hockeyguy1@kc.rr.com,http://www.riverroll.com,4720 NW Gateway,,Riverside,MO,64150,MO115
373,Rivergate Skate Center,615-868-7655,,http://www.skatecenter.com,119 Gleaves Street,,Madison,TN,37115,TN042
374,Riverside Arena Inc,734-421-3542,,http://www.riversidearena.com,36635 Plymouth Road,,Livonia,MI,48150-1128,MI028
375,Roane County Skating Center,,,http://roanecountyskatingcenter.com,1686 Holiday Dr,,Crossville,TN,38555,TN032
376,Robben's Roost Roller Rink,502-491-8170,,,5906 Six Mile Lane,,Louisville,KY,40218,KY008
377,Rochester Hills Skating & Sports Arena,,eventcoordinator@rhssa.com,http://www.rhssa.com,1700 S. Livernois,,Rochester Hills,MI,48307,MI161
378,Rock & Rollers,317-272-0873,rockandrollers@sbcglobal.net,http://www.rockandrollersskating.com,241 Casco Drive,,Avon,IN,46123,IN121
379,Rock Roll-O-Rena,636-464-5688,jo.neifert@sbcglobal.net,http://www.rockrollorena.com,4153 Jeffco Boulevard,,Arnold,MO,63010,MO009
380,Rocket Roller Rink,580-286-3603,,,1314 East Washington,,Idabel,OK,74745,OK032
381,Rocket Roller Rink,478-452-6853,,,6021 Heritage Place,,Milledgeville,GA,31061,GA118
382,Rockford Skate Company,815-877-4020,wesk82@hotmail.com,http://www.rockfordskateco.com,3209 North Main Street,,Rockford,IL,61103,IL004
383,Roebuck Family Skate Center,864-576-8550,information@roebuckskatecenter.com,http://www.roebuckskatingcenter.com,989 Old Georgia Road,,Moore,SC,29369,SC025
384,Rola-Rena Roller Skating Center,920-494-6152,mary16d@aol.com,,731 Morris Avenue,,Green Bay,WI,54304,WI024
385,Rol-A-Rink Skating Center,336-869-3715,shiatt@triad.rr.com,,2421 North Main Street,,High Point,NC,27262,NC001
386,Roll  R Way,717-843-7500,lquintin@aol.com,http://www.rollrway.net,940 Vander Avenue,,York,PA,17403,PA066
387,Roll Arena,440-366-6649,rollarena@oh.rr.com,http://www.rollarena.biz,908 Cleveland Street,,Elyria,OH,44035,OH002
388,Roll Arena,989-496-2900,capndave@rollerskate.com,http://www.rollarena.net,2909 Bay City Road,,Midland,MI,48642,MI020
389,Roll On America of Mass,978-537-4010,rollondon@aol.com,http://www.rollonamerica.com,Route 2 at Exit 34,,Leominster,MA,1453,MA027
390,Rolla Rena,620-896-7861,devans1958@sbcglobal.net,,713 Central,,Harper,KS,67058,KS047
391,Rolla Rena Skate Center,620-672-6384,sk8pratt@cox.net,,823 North Jackson,,Pratt,KS,67124,KS066
392,Roll-A-Bout Skating Center,336-627-5173,rollaboutskating@aol.com,http://www.rollaboutskating.com,1017 S Vanburen Rd-PO 1026,,Eden,NC,27288,NC071
393,Roll-A-Bout Skating Center,336-227-7769,rollaboutskating@aol.com,http://www.rollaboutskating.com,605 Chapel Hill Road,,Burlington,NC,27215,NC043
394,Roll-A-Bout Skating Center,336-626-7000,rollaboutskating@aol.com,http://www.rollaboutskating.com,1801 South Fayetteville Street,,Asheboro,NC,27203,NC087
395,Roll-A-Bout Skating Ctr,276-647-1160,rollaboutskating@aol.com,http://www.rollaboutskating.com,505 5th Avenue,,Collinsville,VA,24078,VA073
396,Rolladium,248-674-3949,rolladium@msn.com,http://www.waterfordrolladiumconter.com,4475 Highland Road,,Waterford,MI,48328,MI001
397,Rollaero Skate Center,414-747-1444,jmrolaero@aol.com,,5200 South Pennsylvania,,Cudahy,WI,53110,WI052
398,Roll-Air Skating Center,352-357-2689,,http://www.skaterollair.com,1805 N Bay Road,,Mt Dora,FL,32757,FL043
399,Rollarama Skating Center Inc,518-355-2140,rollarama@nycap.rr.com,http://www.rollarama.com,2710 Hamburg Street,,Schenectady,NY,12303,NY010
400,Rollarena,509-967-5159,skate4@verizon.net,http://www.richlandskate.com,849 Stevens Drive,,Richland,WA,99352,WA029
401,Roll-A-Rink Corporation,229-228-0363,,,2408 East Pinetree Boulevard,,Thomasville,GA,31792,GA087
402,Roll-A-Way Rink,405-943-4000,wayrink@sbcglobal.net,http://www.rollawayrinkokc.com,5800 NW 36th Street,,Oklahoma City,OK,73122,OK001
403,Roll-A-Way Skating Ctr,740-349-4733,,http://www.theeventscenter.com,Rear 600 West Church Street,,Newark,OH,43055,OH012
404,Roller Cave,317-898-1817,uke@rollercave.com,http://www.rollercave.com,8734 East 21st Street,,Indianapolis,IN,46219,IN071
405,Roller City,316-942-4555,,,3234 South Meridian,,Wichita,KS,67217,KS001
406,Roller City,479-756-3866,slightfo@uark.edu,,1007 Century Road,,Springdale,AR,72762,AR045
407,Roller City of Pryor,918-825-2300,,http://www.rollercity.com,339 West Graham,,Pryor,OK,74361,OK043
408,Roller Coasters,256-533-7528,,,6921 Highway 431 South,,Hampton Cove,AL,35763,AL092
409,Roller Dome North,260-483-6303,kim@rollerdomenorth.com,http://www.rollerdomenorth.com,444 West Coliseum,,Fort Wayne,IN,46805,IN013
410,Roller Dome Skating Rink,316-251-2990,,,2409 West 8th Street,,Coffeyville,KS,67337,KS056
411,Roller Dome South,260-747-3919,kim@rollerdomenorth.com,,4540 Bluffton Road,,Fort Wayne,IN,46809,IN024
412,Roller Gardens,952-929-5518,xenophonco@aol.com,,5622 West Lake Street,,St Louis Park,MN,55416,MN010
413,Roller King Roseville,916-783-0918,rollerking@surewest.net,http://www.rollerkingroseville.com,889 Riverside Avenue,,Roseville,CA,95678,CA147
414,Roller Kingdom,508-649-3439,,http://www.rollerkingdom.com,Middlesex Rd,,Tyngsboro,MA,1879,MA051
415,Roller Kingdom,775-329-3472,,http://www.rollerkingdom.org,515 East 7th Street,,Reno,NV,89512,NV005
416,Roller Kingdom-Hudson Rllr,978-562-3439,silvercn@aol.com,http://www.rollerkingdom.com,5 Highland Park Avenue,,Hudson,MA,1749,MA023
417,Roller Land,970-482-0497,sk8rollerland@aol.com,http://www.rollerlandskatecenter.com,324 South Link Lane,,Fort Collins,CO,80524,CO037
418,Roller Land,209-723-1018,sk88er@pacbell.net,,1445 West 18th Street,,Merced,CA,95340,CA188
419,Roller Motion Skate Center,205-424-7000,sbentleysk@aol.com,,2474 Morgan Road South East,,Bessemer,AL,35022,AL082
420,Roller Odyssey,541-772-1400,isk8master@charter.net,http://www.sk8info.com,2425 South Pacific Highway,,Medford,OR,97501,OR031
421,Roller Palace,978-927-4242,socceretc@comcast.net,http://www.rollerpalace.net,130 Sohier Road,,Beverly,MA,1915,MA017
422,Roller Palace,828-758-9098,,,Abington Road,,Lenoir,NC,28645,NC117
423,Roller Plex Skate Center,,tdouglasme@aol.com,http://www.theplexfec.com,4131 Southwest Parkway,,Wichita Falls,TX,76308,TX358
424,Roller Roulette,712-324-3403,rinkrats@nethtc.net,http://www.rrskate.com,2203 Park Street,,Sheldon,IA,51201,IA078
425,Roller Skate Newington,603-431-2267,mmiksshe@aol.com,,29 Fox Run Road,,Newington,NH,3801,NH018
426,Roller Time LLC,256-489-7655,parmley@knology.net,http://www.rollertime.com,707 Arcadia Circle,,Huntsville,AL,35801,AL001
427,ROLLER TOWNE Inc,559-733-7475,rtalice@aol.com,,520 South Linwood,,Visalia,CA,93277,CA118
428,Roller Valley Skate Center,509-926-6230,icrvsc@comcast.net,http://www.rollervalley.com,East 9415 4th Avenue,,Spokane,WA,99206,WA061
429,Roller World,575-762-5777,rollerworld@plateautel.net,http://www.rollerworld-clovis.net,1721 Wallace,,Clovis,NM,88101,NM017
430,Roller World,781-231-1111,mbreen2673@aol.com,http://www.roller-world.com,425 R Broadway,,Saugus,MA,1906,MA044
431,Roller World Skate Center,918-343-3866,,,950 West 4th Street,,Claremore,OK,74018,OK061
432,Rollerama,661-327-7580,kevin@rollerama.com,http://www.rollerama.com,1004 34th Street,,Bakersfield,CA,93301,CA026
433,Rollerama,712-276-4485,,,4500 Stone Avenue,,Sioux City,IA,51106,IA004
434,Rollerama II,810-227-2010,bdkoziara@bonaventureskate.com,http://www.rollerama2.com,6995 West Grand River Avenue,,Brighton,MI,48114,MI040
435,Rollerama Junction,325-446-9181,rollerama@yahoo.com,,127 N 16th St,,Junction,TX,76849,TX271
436,Rollerama West,661-589-7555,info@rollerama.com,http://www.rollerama.com,7850 Brimhall Road,,Bakersfield,CA,93308,CA237
437,Rollercade Sktg. Ctr.,314-842-3845,rollercade24@aol.com,http://www.rollercadeskating.com,11703 Baptist Church Road,,St Louis,MO,63128,MO024
438,RollerDen 2000,563-259-1613,smussman@dybb.com,,103 21st Street,,Camanche,IA,52730,IA075
439,Rollerdome Inc.,804-726-2841,rollerdomeskating@yahoo.com,http://www.myspace.com/rollerdomeskating,4902 Williamsburg Road,,Richmond,VA,23231,VA098
440,Rollerdrome Inc.,208-466-9905,namparollerdrome@yahoo.com,http://www.namparollerdrome.net,19 10th Avenue South,,Nampa,ID,83651,ID002
441,Rollerland,,,,3502 Neuse Boulevard,,New Bern,NC,28560,NC022
442,Rollerland Inc.,405-390-1300,,,1621 South Choctaw Road,,Choctaw,OK,73020,OK079
443,Rollerland West,817-244-8290,rollerlandwest@aol.com,http://www.myrollerland.com,7325 Calmont,,Fort Worth,TX,76116,TX126
444,RollerMotion,610-398-0704,carolschaeffer@verizon.net,http://www.rollermotion.com,1609 Trexlertown Rd,,Macungie,PA,18062,PA065
445,Rollero Family Skating Center,623-846-1510,,http://www.rollero.com,7318 West Indian School Road,,Phoenix,AZ,85033,AZ040
446,Rollers,620-342-3322,terry@audiolite.com,,701 Graham,,Emporia,KS,66801,KS018
447,Rollerscape,931-461-1074,rollerscape@yahoo.com,http://www.rollerscape.net,200 Ledford Mill Road,,Tullahoma,TN,37388,TN086
448,Rollerworks Family Skating Center,,rollerworksfsc@aol.com,,12099 Marsh Rd,,Bealeton,VA,22712,VA089
449,Rollerworld,011-441-2068,andystarr@rollerworld.fsnet.co.uk,http://www.rollerworld.co.uk,Eastgates, Colchester, UK,GB,C01 2TJ,GB001
450,Rollerworld,269-375-4609,rsa@rollerworld.net,http://www.rollerworld.info,7491 Stadium Drive,,Kalamazoo,MI,49009,MI031
451,Rollerworld Northeast,817-485-8222,rollerworld@sbcglobal.net,http://www.rollerworldne.com,5817 Denton Highway,,Fort Worth,TX,76148-3758,TX177
452,Rollhaven Skating Center,810-694-4533,rollhaven@aol.com,http://www.rollhaven.com,5315 South Saginaw Road,,Flint,MI,48507-4426,MI010
453,Rollhaven Skating Center-Flushing,810-659-7260,rollhaven@aol.com,http://www.rollhaven.com,3464 Ann Drive,,Flushing,MI,48433,MI047
454,Rollhaven Skating Center-Owosso,989-725-9850,rollhaven@aol.com,http://www.rollhaven.com,119 North Delaney Road,,Owosso,MI,48867,MI064
455,Rolling Thunder Skating & Family Fun Center,,rollnthundersk8@aol.com,,2225 Keith Parkway,,Findlay,OH,45840,OH196
456,Rollodrome,207-777-3940,,http://http://rollodrome.com/index.html,12 Riverside Drive,,Auburn,ME,4210,ME022
457,Roll-O-Rama Skate Center LLC,,chipfish@grm.net,,919 Industrial Dr,,Trenton,MO,64683,MO128
458,Roll-R-King,,notavail@notavail.com,,1080 South Old Highway 52,,King,NC,27021,NC125
459,Rollway Roller Rink,609-561-8061,ritabags@aol.com,,131 South 2nd Road,,Hammonton,NJ,8037,NJ009
460,Romp N Roll,770-787-4386,,,3174 Salem Road,,Conyers,GA,30013,GA092
461,Romper's Romp 'N Roll,412-486-4117,rompnroll1@msn.com,http://www.rompnrollpgh.com,1661 East Sutter Road,,Glenshaw,PA,15116,PA159
462,Ron-A-Roll Inc,860-875-7094,ronarollskatectr@aol.com,http://www.ronaroll.com,85 South Frontage Road,,Vernon,CT,6066,CT045
463,Round-A-Bout Skating Center I,910-860-8900,bjohnson10@charter.net,http://www.round-a-bout.com,115 Skateway Drive,,Fayetteville,NC,28304,NC025
464,Round-A-Bout Skating Ctr II,910-484-4465,roundaboutinc@aol.com,http://www.round-a-bout.com,Eutaw Shopping Center,,Fayetteville,NC,28303,NC044
465,Round-A-Bout Skating Ctr III,919-778-1831,rabskating@aol.com,http://www.round-a-bout.com,1305 Parkway Drive,,Goldsboro,NC,27534-3469,NC033
466,Rowdy's Roller Rink,,busydee100@aol.com,,5101 Ballpark Road,,Vancleave,MS,39565,MS057
467,Royal Roller Rink,907-338-7968,sk8rtom@ptialaska.net,,6411 Debar Road,,Anchorage,AK,99504,AK003
468,Royal Skateland,734-326-2801,,,5201 Alter Road,,Detroit,MI,48224,MI086
469,Russell Roller Rink,814-757-5283,rsa@russellrollerrink.com,http://www.russellrollerrink.com,7385 Market St,,Russell,PA,16345,PA211
470,Saints N Family Rllr Skating,651-770-3849,info@saintsnorth.com,http://www.saintsnorth.com,1818 Gervais Court,,Maplewood,MN,55109,MN017
471,Sandusky Skate World,419-625-0212,bill@ghostlymanor.com,http://www.skateworldsandusky.com,3319 Milan Road,,Sandusky,OH,44870,OH122
472,Santa Cruz Roller Palladium,831-423-0844,,,1606 Seabright Avenue,,Santa Cruz,CA,95062,CA049
473,Scooter's Family Skating Center,856-983-3500,weschert@ec.rr.com,,471 Evesboro-Medford Road,,Marlton,NJ,8053,NJ079
474,Scooter's Roller Palace,905-823-4001,agmastro@aol.com,http://www.scooters.on.ca,2105 Royal Windsor Drive,,Mississauga Ontario,CN,L5J 1K5,CN084
475,Scotties Skateland,217-222-3868,skate@scottiesskateland.com,http://www.scottiesskateland.com,8000 Broadway,,Quincy,IL,62305,IL056
476,Seabrook Skating Center,301-577-8889,,,9901 Lanham Severn Road,,Seabrook,MD,20706,MD008
477,Searcy Thrills on Wheels,501-279-7170,,http://www.thrillsonwheels.net,3579 Highway 367 South,,Searcy,AR,72143,AR086
478,Semoran Skateway,407-834-9106,semoranskateway@cfl.rr.com,http://www.semoranskateway.com,2670 Cassel Creek Boulevard,,Casselberry,FL,32707,FL085
479,Silver Circle East Inc.,850-763-8551,dpsterrett@yahoo.com,,5413 Hickory Street,,Panama City,FL,32404,FL158
480,Silver City Skateland,508-824-4866,laristan@aol.com,http://www.silvercityskatelandrollerrink.com,One Lawton Avenue,,Taunton,MA,2780,MA043
481,Silver Star Skate Center,217-234-7555,,http://www.silverstarskatecenter.com,North Route 45,,Mattoon,IL,61938,IL151
482,Silver Wheels Inc,417-781-4033,billie2005@yahoo.com,,2800 East 24th,,Joplin,MO,64804,MO031
483,Silver Wings Ballroom,979-836-4836,jimbo@texasbb.com,http://www.silverwingsballroom.com,4100 Highway 105,,Brenham,TX,77833,TX043
484,SilverWings skating &pub,,,http://www.silverwingsskate.com,817 W Loop,,El Campo,TX,77437,TX145
485,Sistrunk's Funtime Roll-R-Bowl,601-298-9900,,,611 Allenwood Drive,,Carthage,MS,39051,MS053
486,Sk8 Galaxy,636-441-8353,,,5437 Westwood Drive,,Saint Charles,MO,63304,MO111
487,SK8 Shack Roller Rink,505-287-9394,paulabriseno@yahoo.com,,320 E. Stephens,,Grants,NM,87020,NM025
488,Sk8 Town LLC,281-292-2626,sk8town@sk8town.com,http://www.sk8town.com,846 Rayford Road,,Spring,TX,77386,TX353
489,Sk8 Zone LLC,,zone@embarqmail.com,http://www.sk8-zone.com,301 Flora Drive,,Jefferson City,MO,65101,MO017
490,Sk8away Inc.,785-272-0303,tina@sk8away.net,http://www.sk8away.net,815 Fairlawn,,Topeka,KS,66606,KS019
491,Skagit Skate,360-755-5001,gkenglund@msn.com,http://www.skagitskate.com,390 Cedar Street,,Burlington,WA,98233,WA064
492,Skate 17,843-427-4431,skate17sc@aol.com,,405 31st Ave South,,Atlantic Beach,SC,29582,SC069
493,Skate Along USA,,info@skatealongusa.com,http://www.skatealongusa.com,744 Beaver Ruin Rd,,Lilburn,GA,30047,GA049
494,Skate America,903-832-7572,edog@cableone.net,http://www.skateamericafuncenter.com,3706 New Boston Road,,Texarkana,TX,75501,TX213
495,Skate America,719-545-2222,lbishop431@aol.com,http://www.skatecitypueblo.com,615 Hunter Drive,,Pueblo,CO,81001,CO060
496,Skate America Rllr Skating Ctr,614-875-7606,eversmanent@aol.com,http://www.skateamericarink.com,4357 Broadway,,Grove City,OH,43123,OH155
497,Skate and Shake Inc.,386-672-8500,,,250 North Highway 1,,Ormond Beach,FL,32174,FL048
498,Skate Castle Inc,256-355-0561,japsk8@charter.net,http://www.skatecastle.net,401 14th Street SE,,Decatur,AL,35601,AL005
499,Skate Castle Inc.,724-287-3930,baglierb12@yahoo.com,,182 New Castle Road,,Butler,PA,16001,PA201
500,Skate Center,636-677-4641,,,2400 Gravois,,High Ridge,MO,63022,MO116
501,Skate Center of Brentwood,615-373-8611,vpsmail@aol.com,http://www.skatecenter.com,402 Wilson Pike Circle,,Brentwood,TN,37027,TN061
502,Skate Center of Smyrna,615-459-7655,smyskate@bellsouth.net,http://www.skatecenter.com,1505 Plaza Drive,,Smyrna,TN,37167,TN071
503,Skate Center-Florence,256-767-7655,lsaint@hiwaay.net,http://www.skatecenter.biz,241 Azalea Drive,,Florence,AL,35630,AL025
504,Skate City,386-788-4401,skatecity@att.net,http://www.skatecitydaytona.com,1790 South Nova Road,,Daytona Beach,FL,32119,FL217
505,Skate City,715-234-6070,letsgosk8n@aol.com,http://www.sk8city.com,2057 17 1/2 Avenue,,Rice Lake,WI,54868,WI070
506,Skate City Bellevue,402-291-0894,skatecitybellevue@gmail.com,http://www.skatecitybellevue.com,1220 South Fort Crook Road,,Bellevue,NE,68005,NE007
507,Skate City Inc,573-686-1500,,,1403 West Vine Street,,Poplar Bluff,MO,63901-4715,MO028
508,Skate City Incorporation,618-389-0725,parti65@aol.com,,2200 East Broadway,,East Saint Louis,IL,62205-1109,IL031
509,Skate City of Lake Charles,318-474-2855,,,4720 Nelson Road,,Lake Charles,LA,70605,LA056
510,Skate City- Overland Park,913-888-6668,lbishop431@aol.com,http://www.skatecitykansas.com,10440 Mastin,,Overland Park,KS,66212,KS044
511,Skate City QCA LLC,309-755-5219,fehrorthodontics@mchsi.com,http://www.skatecityqca.com,1140 Avenue of the Cities,,East Moline,IL,61244,IL011
512,Skate City Roller Ctr,707-468-8600,dgadams.sk8city@comcast.net,http://www.skatecityukiah.com,2146 South State Street,,Ukiah,CA,95482,CA148
513,Skate City -Wisconsin Rapids,715-423-4040,skcity@wctc.net,http://www.skatecityfamilyfun.com,2211 36th Street North,,Wisconsin Rapids,WI,54494,WI083
514,Skate Country,304-422-6600,kimberlykimes@yahoo.com,,6th Avenue & Gladstone,,Parkersburg,WV,26101,WV027
515,Skate Country,205-237-0001,,,1081 Alpine Way,,Pelham,AL,35124,AL003
516,Skate Country,563-556-4224,,,5630 Saratoga Road,,Dubuque,IA,52002-2598,IA012
517,Skate Country - Gainesville,770-532-3248,srmeans@bellsouth.net,http://www.skate-country.com,2276 Thompson Branch Road,,Gainesville,GA,30501,GA069
518,Skate Country East,520-298-0698,askskatecountry@aol.com,http://www.skatecountry.com,7980 East 22nd Street,,Tucson,AZ,85710,AZ007
519,Skate Country of Georgia,678-546-1547,srmeans@bellsouth.net,,2700 Buford Highway,,Buford,GA,30518,GA043
520,Skate Ctr of Rke Valley Inc,540-989-2000,skatecenter@aol.com,http://www.skateplay.com,4121 Brandon Avenue,,Roanoke,VA,24018,VA030
521,Skate Deck,425-337-0202,skate@everettskatedeck.com,http://www.everettskatedeck.com,9700 19th Avenue Southeast,,Everett,WA,98208,WA007
522,Skate Depot,562-924-1052,,,11113 E 183rd Street,,Cerritos,CA,90701,CA176
523,Skate Estate,231-937-7433,jcskate@charter.net,http://www.skateestateonline.com,19224 M-46,,Howard City,MI,49329,MI135
524,Skate Estate,607-797-9000,,http://www.skateestate.com,3401 Old Vestal Road,,Vestal,NY,13850-2157,NY137
525,Skate Express,909-465-1644,,,12356 Central Avenue,,Chino,CA,91710,CA185
526,Skate Express,920-206-0555,,http://www.skateexpress.com,N 9668 Frohling Lane,,Watertown,WI,53094,WI086
527,Skate Factory,850-785-2263,skatefactory@knology.net,http://www.skatefactory.com,333 West 14th Street,,Panama City,FL,32401,FL054
528,Skate Factory Inc,518-822-8453,factory@hotmail.com,http://www.skatefactory.net,1131 Route 9H,,Ghent,NY,12075,NY160
529,Skate Factory of Vero,772-794-3373,sk8vero@bellsouth.net,http://www.skatefactory.us,485 27th Avenue SW,,Vero Beach,FL,32968,FL111
530,Skate Fever,405-381-3875,,,5909 Aero Drive,,Tuttle,OK,73089,OK075
531,Skate Galaxy,770-504-9949,support@skategalaxygeorgia.com,http://www.skategalaxygeorgia.com,129 Stark Road,,Jackson,GA,30233,GA116
532,Skate Galaxy,269-279-2710,jmarciniak2001@msn.com,,57550 North Main Street,,Three Rivers,MI,49093-1334,MI060
533,Skate Galaxy,225-756-2424,dougf@redrockadventuresports.com,http://www.skategalaxy.com,12828 Jefferson Highway,,Baton Rouge,LA,70816,LA082
534,Skate Haven,919-765-1041,skatenorth@aol.com,,120 Hood Drive,,Winston Salem,NC,27104,NC021
535,Skate Haven,254-778-4141,,,814 North 31st Street,,Temple,TX,76501,TX359
536,Skate Island,308-382-8270,,,2310 North Webb Road,,Grand Island,NE,68803,NE003
537,Skate King,314-382-1166,,,2700 Kienlen Avenue,,St Louis,MO,63121,MO071
538,Skate King,425-641-2047,,http://www.bellevueskateking.homestead.com,2301 140th Avenue NE,,Bellevue,WA,98005,WA063
539,Skate Magic,903-885-2024,,,601 Airport Road,,Sulphur Springs,TX,75482,TX351
540,Skate Moore,405-794-4644,swskate1@gmail.com,http://www.skatemoore.com,527 NW 1st,,Moore,OK,73160,OK028
541,Skate North,515-251-7655,incrediroll@nexgenisp.com,http://www.skatewestskadium.com,5621 Meridith Drive,,Des Moines,IA,50310,IA015
542,Skate Odyssey,662-329-1881,tdaletaylor@msn.com,,830 Louisville Rd,,Starkville,MS,39759,MS054
543,Skate Odyssey Family Fun Center,812-288-5133,speedref32@insightbb.com,,1515 Lynch Lane,,Clarksville,IN,47129,IN031
544,Skate Odyssey of Horn Lake,662-253-0061,,http://http://hornlake.skateodyssey.com/,4560 Goodman Rd W,,Horn Lake,MS,38637,MS066
545,Skate Odyssey of Meridian,601-483-9654,tdaletaylor@msn.com,,3435 North Hills Street,,Meridian,MS,39305,MS055
546,Skate Odyssey of Olive Branch Inc,901-521-8195,taylor586@aol.com,http://www.skateodyssey.com,7417 Hacks Cross Road,,Olive Branch,MS,38654,MS046
547,Skate on Grand,847-587-2351,skateongrand@aol.com,http://www.skateongrandrollerrink.com,720 E Grand Ave,,Fox Lake,IL,60041,IL171
548,Skate Place,989-345-3024,mepiskor@yahoo.com,http://www.skateplace.us,1917 M-55-No Mailbox,,West Branch,MI,48661,MI126
549,Skate Plaza Family Entertainment Center,208-772-9507,john@skateplazacda.com,http://www.skateplazacda.com,5685 North Pioneer Drive,,Coeur d Alene,ID,83815,ID009
550,Skate Quest,314-838-9150,callaways@sbcglobal.net,,1080 North Walker,,Montgomery City,MO,63361,MO105
551,Skate Ranch,919-790-3808,,http://www.skateranchofraleigh.com,2901 Trawick Road,,Raleigh,NC,27604,NC017
552,Skate Ranch,936-634-4001,lstover@consolidated.net,,5012 Lotus Lane,,Lufkin,TX,75904,TX084
553,Skate Ranch Inc,517-278-8031,skateranch@sk8fun.com,http://www.sk8fun.com,278 North Angola Road,,Coldwater,MI,49036,MI094
554,Skate Reflections,407-846-8469,,http://www.skatereflections.com,1111 Dyer Boulevard,,Kissimmee,FL,34741,FL133
555,Skate Safari,903-455-3484,neel@hotmail.com,http://www.skatesafari.com,5002 Moulton St,,Greenville,TX,75401,TX918
556,Skate South,515-285-6037,the7muses@aol.com,http://www.skatesouth.com,10494 County Line Road,,Des Moines,IA,50320,IA069
557,Skate South,336-434-2554,shiatt@triad.rr.com,,208 West Fairfield Road,,High Point,NC,27263,NC051
558,Skate Station,216-225-9842,jaleeba@aol.com,http://www.skatestation.net,1261 North Industrial Park,,Brunswick,OH,44212,OH139
559,Skate Station,352-375-0003,pbgators@yahoo.com,http://www.skatestationfunwork.com,1311 NW 76th Boulevard,,Gainesville,FL,32606,FL136
560,Skate Station,904-272-5602,,http://www.skatestationfunworks.com,230 Blanding Boulevard,,Orange Park,FL,32073,FL112
561,Skate Station,904-880-7703,pbgators@yahoo.com,http://www.skatestationfunwork.com,3461 Kori Road,,Jacksonville,FL,32257,FL218
562,Skate Station,205-655-1800,philcarter@centurytel.net,http://www.trussvilleplaystation.com,411 Watterson Lane,,Trussville,AL,35173,AL007
563,Skate Station Co,815-232-7344,skate@aeroinc.net,http://www.skatestation.com,7016 US Route 20 West,,Lena,IL,61048,IL139
564,Skate Station of Sumter,803-481-7655,skatestationsc@yahoo.com,http://www.sumterskate.com,45 Old Manning Road,,Sumter,SC,29150,SC045
565,Skate Time 209,845-626-7971,tlbmanagement@aol.com,http://www.skatetime209.com,5164 Route 209,,Accord,NY,12404,NY192
566,Skate Waco North,254-799-8899,sk8country@aol.com,http://www.skatewaco.com,500 North Loop 340,,Waco,TX,76705,TX350
567,Skate Waco Inc.,254-772-0042,ur1edge@aol.com,http://www.skatewaco.com,401 Towne Oaks Drive,,Waco,TX,76710,TX161
568,Skate West,515-225-6411,the7muses@aol.com,http://www.skatewestskadium.com,2019 West Grand,,West Des Moines,IA,50265,IA011
569,Skate Whirl,940-767-1552,skatewhirl@hotmail.com,http://www.skatewhirl.net,4208 Jacksboro Highway,,Wichita Falls,TX,76302,TX092
570,Skate World,405-622-2992,,,Route 2 Box 332,,Sulphur,OK,73086,OK064
571,Skate World,912-576-4758,skateworld@kgldcable.com,http://www.skateworldga.com,1020 Boone Avenue East,,Kingsland,GA,31548,GA093
572,Skate World,913-262-0711,ssasek9533@aol.com,http://www.skateworldkc.com,9800 West 62nd Terrace,,Merriam,KS,66203,KS036
573,Skate World,352-787-1178,skateworldfun@aol.com,,424 North Palmetto Street,,Leesburg,FL,34748-5275,FL034
574,Skate World,440-282-2567,skate@lorainskateworld.com,http://www.lorainskateworld.com,4952 West Erie Avenue,,Lorain,OH,44053,OH021
575,Skate World Inc,606-248-0219,penny@skateworldky.com,http://www.skateworldky.com,2113 Cumberland Avenue,,Middlesboro,KY,40965,KY066
576,Skate World of Troy,248-689-4100,skateworldoftroy@sbcglobal.net,,2825 East Maple,,Troy,MI,48083,MI051
577,Skate World USA,580-762-5348,skateworldusa@cableone.net,http://www.skateworld-usa.com,1001 Knight,,Ponca City,OK,74601,OK078
578,Skate World West,,not@onfile.com,,701 S 29th St W,,Billings,MT,59102,MT028
579,Skate Zone,337-988-1400,yourskatezone@aol.com,http://www.yourskatezone.com,4518 West Congress,,Lafayette,LA,70506,LA011
580,Skate Zone,410-721-7155,sk8zoneman@comcast.net,http://www.sk8zone.com,1082 Route 3 South,,Gambrills,MD,21054,MD015
581,Skate Zone,618-542-5634,,http://www.duquoinskatezone.com,1645 South Washington Street,,Du Quoin,IL,62832,IL147
582,Skate Zone,770-961-1400,,http://www.sk8zone.biz,6766 Mt Zion Boulevard,,Morrow,GA,30260-3102,GA008
583,Skate Zone 2000 LLC,334-567-4434,,,88 Red Eagle Drive,,Wetumpka,AL,36092,AL091
584,Skate Zone 71,614-846-5627,thopkins@usa-skating.com,http://www.wowfamilyfun.com,4900 Evanswood Drive,,Columbus,OH,43229,OH074
585,Skate Zone Inc,662-329-1881,tdaletaylor@msn.com,,910 Lehmberg Road,,Columbus,MS,39702,MS005
586,Skate Zone of Tupelo,601-841-1260,tdaletaylor@msn.com,,103 Parkgate,,Tupelo,MS,38801,MS031
587,Skate-A-Round,864-855-1475,trotterbo@aol.com,http://www.skatearoundusa.com,719 Ross Avenue,,Easley,SC,29640,SC027
588,Skate-A-Round USA #2,706-353-7299,trotterbo@aol.com,,3030 Cherokee Road,,Athens,GA,30605,GA035
589,Skate-A-Way,574-936-4685,jfearnow@aol.com,,500 West Madison,,Plymouth,IN,46563,IN022
590,Skate-A-Way Inc,804-674-5070,,,3330 Speeks Drive,,Midlothian,VA,23112,VA084
591,Skate-Away USA of Greenwood,864-223-3114,skateawayinfo@yahoo.com,http://www.skateawayusa.com,123 Dixie Drive,,Greenwood,SC,29646,SC007
592,Skate-A-While Incorporated,315-337-8744,,,220 Ridge Street,,Rome,NY,13440,NY057
593,Skatecenter Murfreesboro,615-895-1403,skatewest@aol.com,http://www.skateandplay.com,849 West College,,Murfreesboro,TN,37129-2773,TN002
594,SkateDaze,402-895-1400,scott@skatedaze.com,http://www.skatedaze.com,3616 South 132nd Street,,Omaha,NE,68144-3653,NE028
595,SKATEHOUSE,918-456-1100,,http://www.skatehouse.net,1508 North Grand,,Tahlequah,OK,74464,OK004
596,Skate-Inn,360-659-3900,dianne1254@aol.com,http://www.marysvilleskateinn.com,7313 44th Avenue Northeast,,Marysville,WA,98270-3762,WA010
597,Skate-Inn Inc,860-564-2623,,,992 Norwich Road,,Plainfield,CT,6374,CT043
598,Skatelan,740-574-8000,,,7900 Ohio River Road,,Wheelersburg,OH,45694,OH157
599,Skateland,918-836-3344,,,1150 South Sheridan,,Tulsa,OK,74112,OK003
600,Skateland,978-372-3050,marc@skateland.org,http://www.skateland.com,19 Railroad Avenue,,Haverhill,MA,1835,MA018
601,Skateland,410-825-3013,skateland8855@yahoo.com,http://www.skatelandorchardtowson.com,8855 Orchard Tree Lane,,Towson,MD,21286,MD052
602,Skateland,410-282-0223,,,1113  North Point Road,,Dundulk,MD,21222,MD053
603,Skateland,870-541-0747,,,3214 Old Warren Road,,Pine Bluff,AR,71603,AR001
604,Skateland,501-525-1308,,,2156 Higdon Ferry Road,,Hot Springs,AR,71913,AR025
605,Skateland,870-763-9550,,,301 North Lockard Street,,Blytheville,AR,72315,AR074
606,Skateland,317-291-6795,shart@skatelandindy.com,http://www.skatelandindy.com,3902 North Glen Arm Road,,Indianapolis,IN,46254,IN039
607,Skateland,309-647-6958,cantonskateland@comcast.net,http://www.myspace.com/cantonskateland,1040 West Hickory Street,,Canton,IL,61520,IL150
608,Skateland,217-359-3335,sk8il@aol.com,http://www.sk8il.com,208 West Curtis Road,,Savoy,IL,61874,IL054
609,Skateland,360-491-0662,cheri@reachonetravel.com,,2610 South Bay Road,,Olympia,WA,98506,WA011
610,Skateland 17,912-264-9466,skateland17@aol.com,,3811 Darien Highway,,Brunswick,GA,31525,GA040
611,Skateland Arena,810-686-6110,,http://www.skatelandarena.com,8460 North Dort Highway,,Mt. Morris,MI,48458,MI018
612,Skateland East,210-653-5333,,,8910 Fourwinds,,San Antonio,TX,78239,TX065
613,Skateland Family Fun Ctr,620-662-8332,sbrown13@cox.net,,3101 North Lorraine,,Hutchinson,KS,67502-2704,KS048
614,Skateland Fun Center,803-736-0606,rockallman@aol.com,,800 Bookman Road,,Elgin,SC,29045,SC055
615,Skateland Fun Center,509-575-6446,conniejo@truevine.net,,2506 Old Town Road,,Union Gap,WA,98903-1607,WA006
616,Skateland Funzone,734-671-0222,crookard@hotmail.com,http://www.skatelandfunzone.com,23911 Allen Road,,Woodhaven,MI,48183,MI097
617,Skateland Inc,661-831-5567,dunnmeyers@aol.com,http://www.skatelandbakersfield.com,415 Ming Avenue,,Bakersfield,CA,93307,CA023
618,Skateland of Ashland,804-798-3076,skateland@verizon.net,http://www.ashlandskateland.com,516 North Washington Highway,,Ashland,VA,23005,VA082
619,Skateland of Augusta,706-267-0137,kathyga@aol.com,http://www.skatelandofaugusta.com,2451 Windsor Spring Rd,,Augusta,GA,30906,GA120
620,Skateland of Brandon,813-685-3764,sk8land@aol.com,http://www.skatelandofbrandon.com,750 West Robertson Street,,Brandon,FL,33509-2178,FL086
621,Skateland of Franklinville,716-676-2655,,http://www.skateland.biz,70 South Main Street,,Franklinville,NY,14737,NY182
622,Skateland of Huntington Inc.,304-525-1933,skateland@suddenlink.net,,4430 Altizer Avenue,,Huntington,WV,25705,WV003
623,Skateland of Lockport,716-433-5605,skatelandlkpt@choiceonemail.com,http://www.niagarafallsfamilyfun.com,1109 Lincoln Avenue,,Lockport,NY,14094,NY085
624,Skateland of Mobile,251-343-3747,bruce@skatelandmobile.com,http://www.skatelandmobile.com,1610 Shelton Beach Rd Ext,,Mobile,AL,36618,AL100
625,Skateland Putty Hill,410-661-7778,,,8025 Belair Road,,Baltimore,MD,21236,MD050
626,Skateland Raleigh,901-388-5152,hockeelady@aol.com,,4350 Stage Road,,Memphis,TN,38128,TN016
627,Skateland Roller Rink,712-246-1277,,,604 S Fremont Street; Hwy 59,,Shenandoah,IA,51601,IA053
628,Skateland Rollersport,618-847-5283,elliepark1@gmail.com,http://www.skatelandrollersport.com,1700 West Main,,Fairfield,IL,62837,IL103
629,Skateland Skate Center,701-235-0555,sk8land@cableone.net,,3302 Interstate Boulevard,,Fargo,ND,58103,ND006
630,Skateland South,217-546-4543,sk8landsouth@aol.com,http://www.skatelandsouth.com,1500 Recreation Drive,,Springfield,IL,62707,IL038
631,Skateland USA,864-246-0882,,,7514 White Horse Road,,Greenville,SC,29617,SC013
632,Skateland USA,,,,202 Highway 29 Bypass,,Anderson,SC,29621,SC005
633,Skateland USA,864-224-8175,,,4142 Clemson Boulevard,,Anderson,SC,29621,SC029
634,Skateland USA,803-669-7655,rockallman@aol.com,,125 North Beltline Drive,,Florence,SC,29501,SC036
635,Skateland USA Clemmons,910-766-6699,,,2512 Neudorf Drive,,Clemmons,NC,27419,NC099
636,Skateland USA Kannapolis,704-938-3013,,http://www.fryes4fun.com,311 Brookdale Street,,Kannapolis,NC,28083,NC065
637,Skateland USA North,336-621-5632,skatenorth@mac.com,http://www.skatelandusa.com,3801 N Church,,Greensboro,NC,27419,NC072
638,Skateland USA of Carolina,,,http://www.skatelandusa.net,2030 Highway 64-70,,Hickory,NC,28601,NC020
639,Skateland USA/West,336-855-1669,skatenorth@aol.com,,200 Stagecoach Trail,,Greensboro,NC,27409,NC037
640,Skateland West,734-326-2801,fun@skatelandwest.com,http://www.skatelandwest.com,37550 Cherry Hill,,Westland,MI,48185,MI084
641,Skateland West,210-673-2568,sk8west@aol.com,,2327 SW Loop 410,,San Antonio,TX,78227,TX006
642,Skateland-Rockford,815-874-6500,,http://www.skatelandrocks.com,4843 Stenstrom Road,,Rockford,IL,61109,IL155
643,Skate-N-Fun Zone,703-361-7465,sk8nfunzone@aol.com,http://www.skatenfunzone.com,7878 Sudley Road,,Manassas,VA,20109-2804,VA055
644,Skate-O-Rama,502-957-5897,rama@yahoo.com,,4650 North Preston Highway,,Shepherdsville,KY,40165,KY010
645,Skateport,,,,3820 South Glenstone,,Springfield,MO,65804-4418,MO003
646,Skateport Plaza,636-227-2800,,,408 Weidman Road,,Ballwin,MO,63011,MO001
647,Skaters Choice Family Skating Center,828-697-8754,rafoster55@bellsouth.net,http://www.skaterschoice.net,1705 Spartanburg Highway,,Hendersonville,NC,28792,NC082
648,Skaters Edge,920-733-9043,skatersede@aol.com,,5714 Intgrity Way,,Grand Chute,WI,54913,WI089
649,Skaterz,636-583-9400,,http://www.skaterzrink.com,181 Audrey Lane,,Union,MO,63084,MO123
650,Skates 280,205-991-3611,,,7043 Meadowlark Drive,,Birmingham,AL,35242,AL081
651,Skates Alive,270-926-7655,jackcarter@rollerskating.com,http://www.skatesalive.com,606 Salem Drive,,Owensboro,KY,42303,KY067
652,Skates 'N Stuff,828-248-1308,michael@just-cruising.net,,206 Wood Drive,,Forest City,NC,28043,NC103
653,SKATES Roller Skating Ent Center,918-241-2282,courtcollier@gmail.com,http://www.skatescenter.com,401 East Broadway Ct Unit B,,Sand Springs,OK,74063,OK030
654,Skatetime,203-459-8900,adefra3228@yahoo.com,,193 Main Street,,Monroe,CT,6468,CT044
655,Skatetown,318-387-7051,skatetown@gmail.com,,3151 Sterlington Road,,Monroe,LA,71203,LA051
656,Skatetown,262-633-1099,sk8town@aol.com,http://www.skatetownracine.com,1825 Sycamore Avenue,,Racine,WI,53406,WI021
657,Skatetown,580-233-5360,skatetownenid@sbcglobal.net,http://www.skatetownenid.com,905 Overland Trail,,Enid,OK,73703,OK047
658,Skatetown Danville Inc.,434-835-0011,mmantooth@live.com,,1049 Piny Forest Road,,Danville,VA,24540,VA035
659,Skatetown Green Valley,304-327-8175,skatetowngreenvalley@hotmail.com,http://www.skatetowngreenvalley.com,Route 5, 168 Airport Rd,Bluefield,WV,24701-9007,WV015
660,Skatetown USA,513-874-9855,ken@skatetownusa.us,http://www.skatetownusa.us,8730 North Pavilion Drive,,West Chester,OH,45069,OH191
661,Skatetown USA,772-461-0266,skatetown@earthlink.net,http://www.skatetownflorida.com,4301 Orange Avenue,,Fort Pierce,FL,34947-3420,FL095
662,Skatetown USA - Knoxville #2,865-688-1981,athenaccrawford@aol.com,,5713 North Broadway,,Knoxville,TN,37901,TN018
663,Skatetown USA - Staunton,540-885-3798,rcwheel@comcast.net,,1311 Barterbrook Road,,Staunton,VA,24401,VA027
664,Skatetown West Inc.,318-388-2405,skatetownwest@bellsouth.net,,105 Division,,West Monroe,LA,71291,LA064
665,Skatetricity,231-388-3417,skatetricity@gmail.com,http://www.myspace.com/thespotinc,2592 North Lake Mitchell Drive,,Cadillac,MI,49601,MI142
666,Skateville,952-890-0988,info@skateville.com,http://info@skateville.com,201 South Rivers Ridge Circle,,Burnsville,MN,55337,MN015
667,Skateway South LLC,256-845-2333,fortnerjerry@bellsouth.net,http://www.skatewaysouth.com,1811 Airport Rd,,Fort Payne,AL,35968,AL099
668,Skateworld,858-560-9349,sdskateworld@aol.com,,6907 Linda Vista Road,,San Diego,CA,92111,CA126
669,Skateworld,417-334-1630,brian1@skatebranson.com,http://www.skatebranson.com,West Highway 76,,Branson,MO,65616,MO051
670,Skateworld,270-821-3351,tim1439mart@yahoo.com,,4696 Hanson Rd,,Madisonville,KY,42431,KY081
671,Skateworld,615-519-5866,skateworldtn@comcast.net,http://www.skateworldtn.com,4715 Tullahoma Highway,,Winchester,TN,37398,TN085
672,Skateworld Center Inc,850-385-7465,skateworld1@embarqmail.com,http://www.skateworld1.com,2563 Capital Circle NE,,Tallahassee,FL,32308,FL215
673,Skateworld I,302-875-2121,dslatcher601@comcast.net,http://www.SkateworldOfDelaware.com,28393 Seaford Rd.,,Laurel,DE,19973,DE005
674,Skateworld of Evansville,812-476-0586,thskateworld@aol.com,,1300 Fairfield Drive,,Evansville,IN,47715,IN115
675,Skateworld of Kettering,937-294-4052,skateworldofkettering@yahoo.com,http://www.skateworldofkettering.com,1601 East David Road,,Kettering,OH,45429,OH087
676,Skateworld of Vandalia,937-890-6551,skateworldofvan@aol.com,http://www.skateworldofvandalia.com,333 South Brown School Road,,Vandalia,OH,45377,OH038
677,Skatez,,nikkiblanchard@cox.net,,1427 W Linwood Drive , Ste A,Opelousas,LA,70570,LA084
678,Skatin' Place,513-522-2424,ron@theskatinplace.com,,3211 Lina Place,,Cincinnati,OH,45239,OH065
679,Skatin' Place,320-252-8123,jonj@citescape.com,,3302 Southway Drive,,St Cloud,MN,56301,MN051
680,Skatin Station,260-925-2235,skategirl652@msn.com,http://www.skatinstation.com,544 West North Street,,Auburn,IN,46706,IN097
681,Skatin Station II,734-459-6401,lbill@bonaventureskate.com,http://www.skatinstation2.com,8611 Ronda Drive,,Canton,MI,48187,MI114
682,skating funland,,a33@apzyn.com,,981 Sky,,Fishers,IN,11111,RS002
683,Skating Plus,805-656-2121,sonny@skatingplus.com,http://www.skatingplus.com,1720 Mesa Verde,,Ventura,CA,93003,CA160
684,Skyborn Skateland,937-878-4800,david.ripp@skybornskateland.com,http://www.skybornskateland.com,5309 Haddix Road,,Fairborn,OH,45324,OH039
685,Sky-Vue Skateland,252-442-7418,watkins@jxxtech.net,,13734 US 64 Alt. West,,Rocky Mount,NC,27801,NC047
686,South Amboy Arena,732-727-1122,,,270 N Stevens Ave,,South Amboy,NJ,8879,NJ016
687,South Central Roller Palace,618-548-2808,calphilville@msn.com,,1040 North Vail Street,,Salem,IL,62881,IL073
688,Southwestern Skate Center,405-632-5484,swskate@cox.net,http://www.swskate.com,6401 South Western Avemue,,Oklahoma City,OK,73139,OK008
689,Spare Time Recreation,740-533-1223,,,2216 South Third Street,,Ironton,OH,45638,OH177
690,Sparkles,770-565-8899,,http://www.sparklesrollerrinks.com,1104 Grayson Highway 20,,Lawrenceville,GA,30245,GA072
691,Sparkles,770-943-4446,ssparkles@comcast.net,http://www.sparklesrollerrinks.com,4054 Jimmy Lee Smith Parkway,,Hiram,GA,30141,GA029
692,Sparkles,770-432-6222,,http://www.sparklesrollerrinks.com,666 Smyrna Hill Drive,,Smyrna,GA,30059,GA014
693,Sparkles of Kennesaw Inc.,770-428-3941,ssparkles@comcast.net,http://www.sparklesrollerrinks.com,1000 Mccollum Parkway,,Kennesaw,GA,30144,GA030
694,Spectrum,920-960-5410,ccohen@new.rr.com,http://www.spectrumskate.com,605 Fond Du Lac Avenue,,Fond Du Lac,WI,54935,WI058
695,Speedway Skating,,,http://www.speedwayskating.com,1779 N.Spring Garden Ave.,,DeLand,FL,32720,FL154
696,Spin City,785-238-3103,jason.haslouer@jcks.com,http://www.jcks.com,915  South Washington,,Junction City,KS,66441,KS061
697,Spin City Skate Center,865-428-1988,larrysorrell@charter.net,,2891 Parkway,,Pigeon Forge,TN,37863,TN101
698,Spin Roller Disco,,info@spinrollerdisco.ie,,Walkinstown Cross,,Dublin 12,FR,0,IR001
699,Spinners LLC,205-781-5542,philcarter@centurytel.net,,6505 E J Oliver Blvd,,Fairfield,AL,35064,AL098
700,Spinnerz Family Skate Center,,kimcorbitt@spinnerzskating.com,http://www.spinnerzskating.com,117 Hwy 113 N.,,Carrollton,GA,30117,GA122
701,Spinnin' Wheels,409-886-0447,bwomack52@att.net,,6896 N Highway 87,,Orange,TX,77630,TX047
702,Spinnin' Wheels Skate Center,641-673-4482,spinninwheels@mahaska.org,http://www.spinninwheelsofoskaloosa.com,1717 3rd Avenue East,,Oskaloosa,IA,52577,IA034
703,Spinning Wheels Arena,989-772-0069,abbey.price@gmail.com,http://www.spinningwheelsarena.com,1241 North Mission Road,,Mt Pleasant,MI,48858-0000,MI055
704,Spinning Wheels Skating,636-937-6100,glkrow@sbcglobal.net,,#2 Industrial Drive,,Festus,MO,63028,MO004
705,Sportsmans Hall Rllr Sk Ctr,410-239-3697,,,15500 Hanover Pike,,Upperco,MD,21155,MD011
706,Springfield Lake Roller Rink,330-733-9026,ckrunich@noe.rr.com,http://www.springfieldlakerollerrink.com,1220 Main Street,,Lakemore,OH,44250,OH060
707,Springfield Skate World,541-746-8424,beckygunderson@msn.com,http://http://www.spfdskateworld.com,3188 Gateway Loop,,Springfield,OR,97477,OR032
708,Springfield Skateland,417-881-8011,gary@springfieldskateland.com,http://www.springfieldskateland.com,5163 South Campbell,,Springfield,MO,65810,MO095
709,Stadium Sports Centre Inc,517-437-3541,doug@skatehillsdale.com,http://www.skatehillsdale.com,3240 Will Carleton Road,,Hillsdale,MI,49242,MI015
710,Stan's Skateland,804-493-9890,,,Route 3,,Montross,VA,22520,VA068
711,Star Castle Family Ent Ctr,912-354-5437,bob@starcastle.info,http://www.starcastle.info,550 E Mall Boulevard,,Savannah,GA,31406,GA110
712,Star City Skate Center,540-362-5195,brenda@starcityskatecenter.net,http://www.starcityskatecenter.net,140 Hershberger Road,,Roanoke,VA,24012,VA019
713,Star Skate,405-273-2030,starskate1@yahoo.com,,37303 W. 45th Street,,Shawnee,OK,74804,OK085
714,Star Skate,405-329-9818,allskate33@hotmail.com,,2020 W Lindsey,,Norman,OK,73069,OK087
715,Star Skate,580-332-3023,starskate1@yahoo.com,http://www.starskate.com,1000 E. 32nd Street,,Ada,OK,74820,OK063
716,Star Wheels Skate Center,931-433-0111,timmotorsports@bellsouth.net,,22 Ardmore Highway,,Fayetteville,TN,37334,TN068
717,Stardust Event Center,941-365-6888,ronni@stardusteventcenter.com,http://www.stardustEventCenter.com,2571 12th Street,,Sarasota,FL,34237-2907,FL128
718,Stardust Skate Center,229-435-0111,stardust2skatecenter@yahoo.com,http://www.stardust2skatecenter.net,2881 Ledo Road,,Albany,GA,31707,GA036
719,Stardust Skating Center,909-883-8317,bbbragassa@aol.com,,2167 North Lugo Avenue,,San Bernardino,CA,92404,CA076
720,Starland,301-739-9844,,,800 Park Road,,Hagerstown,MD,21740,MD016
721,Starlight Roller Rink,704-568-5700,susantfoster@yahoo.com,,8830 East Harris Boulevard,,Charlotte,NC,28227,NC055
722,Starlight Skatium,,info@starlightskatium.com,,612 N College Ave,,Fayetteville,AR,72701,AR092
723,Starlite Roller Rink,785-827-6861,krehbiels@starliteskate-salina.com,http://www.starliteskate-salina.com,2661 Market Place,,Salina,KS,67401,KS004
724,Starlite Skate Center,336-786-7676,starliteskate@embarqmail.com,,804 Fowler Road,,Mount Airy,NC,27030,NC088
725,Starlite Skating,208-522-5171,,,2150 North Woodruff,,Idaho Falls,ID,83401,ID005
726,Starlite Skating Center,770-507-0041,,http://www.starlightskatingcenter.com,3710 North Henry Boulevard,,Stockbridge,GA,30281,GA096
727,Starlite South Skate Center,913-862-2241,llong20400@aol.com,,301 SE 45th Street,,Topeka,KS,66609,KS042
728,Stephenville Roller Rink,254-968-4040,sk8208@gmail.com,,310 FM 2303 (Pigeon Rd),,Stephenville,TX,76401,TX377
729,Stoney Creek Roller Rink,540-459-7277,scrr@shentel.net,http://www.stoneycreekrollerrink.com,113 Indian Springs Rd,,Woodstock,VA,22664,VA101
730,Stoppkotte's Super Skate,618-451-7528,rockemstop@sbcglobal.net,,1823 Cleveland Boulevard,,Granite City,IL,62040,IL148
731,Stuart Recreation Center,515-523-1666,leonhartman@msn.com,,1523 South Second,,Stuart,IA,50250,IA072
732,Sumpter Roller Rink,734-945-2535,,,19750 Sumpter Rd,,Bellville,MI,48111,MI159
733,Sunbury Skate Club,740-965-3022,echo2bayou@aol.com,,345 McGill,,Sunbury,OH,43074,OH063
734,Sunrise Rollerland,916-961-3339,neutz@sunriserollerland.com,http://www.sunriserollerland.com,6001 Sunrise Vista Drive,,Citrus Heights,CA,95610,CA088
735,Sunset Rink II Inc.,570-743-6464,mary4liz@sunlink.net,http://www.sunsetrink.com,Box 216, Routes 11 & 15,Shamokin Dam,PA,17876,PA120
736,Sunshine Skate Center,205-831-8750,,,130 Elm St,,Oxford,AL,36203,AL034
737,Super Skate,319-377-3767,,,5100 Northland Drive NE,,Cedar Rapids,IA,52402,IA021
738,Super Skate,972-286-7655,,http://www.superskatedallas.com,13953 C. F.  Hawn Freeway,,Dallas,TX,75253,TX009
739,Tarry Hall Roller Rink,616-534-8235,,http://www.tarryhall.com,3330 Fairlanes Avenue,,Grandville,MI,49418,MI027
740,Tarwheels Skateway,828-298-6606,,http://www.tarwheelsskateway.com,2134 Highway 70,,Swannanoa,NC,28778,NC061
741,Terre Haute Skate World Inc,812-232-3835,thskateworld@aol.com,http://www.skateworldin.com,481 West Honey Creek Drive,,Terre Haute,IN,47802,IN092
742,Terward Inc dba Skate World Preston,,,http://www.skateworldpreston.com,,,,,,KY038
743,Texas Skateland,254-699-8852,,,205 East Cox Drive,,Harker Heights,TX,76548,TX093
744,Texas Skatium,972-240-6455,,http://www.texasskatium.com,2020 Rowlett Road,,Garland,TX,75043,TX173
745,The Castle,717-393-3126,manager@castlerollerskating.com,http://www.castlerollerskating.com,1400 Elm Avenue,,Lancaster,PA,17603,PA177
746,The Castle,845-469-2116,main@thecastlefuncenter.com,http://www.thecastlefuncenter.com,107 Brookside Ave,,Chester,NY,10918,NY193
747,The Crystal Palace Inc,901-332-3904,,,3364 South Third Street,,Memphis,TN,38109,TN059
748,The Fun Factory,,lori@gafunfactory.com,,1850 N Columbia St,,Milledgeville,GA,31061,GA125
749,The Fun Spot,518-792-8989,thefunspot@roadrunner.com,http://www.thefunspot.net,1035 Route 9,,Queensbury,NY,12804,NY054
750,The Golden Skate,925-820-2520,sharifi@thegoldenskate.com,http://www.thegoldenskate.com,2701 Hooper Drive,,San Ramon,CA,94583,CA128
751,The Great Skate,618-667-3319,gmafeld@gmail.com,http://www.thegreatskate.com,284 Riggin Road,,Troy,IL,62294,IL156
752,The Great Skate,586-777-4300,thegreatskate@yahoo.com,http://www.greatskateonline.com,29100 Hayes Boulevard,,Roseville,MI,48066,MI056
753,The Playhouse Skate and Fun Center,308-632-5996,drca@charter.net,,775 Crescent Drive,,Gering,NE,69341,NE042
754,The Rink,773-221-3290,,http://therinkchicago.com,1122 East 87th Street,,Chicago,IL,60619,IL068
755,The Rink Family Fun Center,814-827-3412,juliecauvel@therinkffc.com,http://www.therinkffc.com,45314 State Highway 27,,Titusville,PA,16354,PA026
756,The Sk8,931-372-2758,admin@the-sk8.com,http://www.the-sk8.com,1810 Foreman Drive,,Cookeville,TN,38501,TN092
757,The Skate,765-962-3823,,,475 Commerce Road,,Richmond,IN,47374,IN004
758,The Skate Center,334-821-1127,onepunchjoe@aol.com,,1221 Commerce Drive,,Auburn,AL,36830,AL060
759,The Skate Place,330-339-5828,mkosegi@adelphia.net,,1143 Front Avenue SW,,New Philadelphia,OH,44663,OH028
760,The Skate Station,601-799-1655,,,6 Fred Mallet Road,,Carriere,MS,39426,MS047
761,The Skate Zone Fun Center,330-270-4386,lm1330@hotmail.com,http://www.skatezonefun.com,5420 Mahoning Avenue,,Austintown,OH,44515,OH011
762,The Skateeum Inc,252-492-5033,bhightjr@hotmail.com,http://www.theskateeum.com,1248 Coble Boulevard,,Henderson,NC,27536,NC075
763,The SKATERY,570-758-1775,sk8coach@tds.net,http://www.skatery.com,Route 225 North,,Pillow,PA,17080,PA113
764,The Skatin Place,325-695-4713,skatinplace1@hotmail.com,http://www.skatinplaceabilene.com,1930 South Clack,,Abilene,TX,79605,TX150
765,The Skating Place LLC,731-686-1144,,,6040 Telecon Drive,,Milan,TN,38358,TN090
766,The Wheel Thing Inc.,,vkb@kc.rr.com,http://www.rollinfun.com,1719 Metropolitan,,Leavenworth,KS,66048,KS024
767,The Wheelhouse Skate Center,909-652-9968,jvj@lasercom.net,,2860 West Florida Avenue,,Hemet,CA,92545,CA214
768,The Zone,706-278-3934,,,611 Sheridan Avenue,,Dalton,GA,30721,GA115
769,The Zone Rolla's Family Entertainment Complex,573-341-5700,lucasadamsam@yahoo.com,http://www.rollaskatezone.com,555 Blue's Lake Drive,,Rolla,MO,65401,MO112
770,Thomasville Skate Center,336-472-1499,bhartsell@northstate.net,,1203 Lexington Avenue,,Thomasville,NC,27360,NC013
771,Three Fountains Skating Rink,803-957-3965,,,2742 Emmanuel Church Road,,West Columbia,SC,29169,SC038
772,Thunder Blades Roller Skating & Family Fun,612-388-2900,events@thunderblades.com,http://www.thunderblades.com,31516 125th Street,,Princeton,MN,55371,MN059
773,Thunderbird Roller Rink,972-424-4474,chase@thunderbirdskatecenter.com,http://www.thunderbirdskatecenter.com,3200 Thunderbird Lane,,Plano,TX,75075,TX057
774,Tiffany's Skate Inn,253-848-1153,dennis@tiffanysskateinn.com,http://www.tiffanysskateinn.com,1113 Meridian North,,Puyallup,WA,98371-4406,WA022
775,Tinley Park Roller Rink,312-532-3808,,http://www.tinleyparkrollerrink.net,17658 S Oak Park Avenue,,Tinley Park,IL,60477,IL015
776,Town & Country Skateworld,813-884-7688,bliz3@verizon.net,http://www.skateworldtampa.com,7510 Paula Drive,,Tampa,FL,33615,FL082
777,Turner's Skate Palace,301-992-2363,pattyleazier@hotmail.com,http://www.turnerskatepalace.com,17333 Virginia Avenue,,Hagerstown,MD,21740,MD010
778,Twilight Family Skate Center,,twilightskate@live.com,http://twilightfamilyskatecenter.com,211 E Douglas,,Clinton,MO,64735,MO129
779,Twi-Lite Roller Skating,423-581-6160,pbrewer@charter.net,,112 South Sugar Hollow Road,,Morristown,TN,37813,TN008
780,Uncle Bruce's,702-867-4386,,,125 Grand Avenue,,Fallon,NV,89406,NV019
781,Union Skate Center,864-427-4255,,,1753 Crosskeys Highway,,Union,SC,29379,SC009
782,United Skates of America,401-438-0090,unitedskatesri@aol.com,http://www.unitedskatesri.com,75 New Road,,Rumford,RI,2916,RI013
783,United Skates of America,813-966-5252,dvorakjusa@aol.com,http://www.unitedskates.com/seaford1,1276 Hicksville Road,,Seaford,NY,11783,NY120
784,United Skates of America,614-802-2440,tduska@usa-skating.com,http://www.unitedskates.com/columbus,3362 Refugee Road,,Columbus,OH,43232,OH067
785,United Skates of America,614-802-2440,adaykin@usa-skating.com,http://www.unitedskates.com/wickliffe,30325 Palisades Parkway,,Wickliffe,OH,44092,OH050
786,United Skates of America,813-876-5826,bcherry@usa-skating.com,http://www.unitedskates.com/tampa,5121 North Armenia Avenue,,Tampa,FL,33603,FL024
787,Uptown Skate,573-246-2514,mekprop@sbcglobal.net,,104 W Grand Ave,,Campbell,MO,63933,MO126
788,US On Wheels,303-423-0616,,http://www.usonwheels.com,5353 West 64th Avenue,,Arvada,CO,80003,CO018
789,USA Great Skate - Glendale,623-842-1182,ktreacy@usa-skating.com,http://www.greatskateglendale.com,10054 North 43rd Avenue,,Glendale,AZ,85302,AZ026
790,USA Skate Center,630-759-8725,sjdt@sbcglobal.net,http://www.usaskatingcenter.com,1303 Naperville Drive,,Romeoville,IL,60446,IL086
791,USA Skate Center,574-256-0921,,http://www.usaskatecenter.com,Ziggy Inc,,Mishawaka,IN,46545,IN048
792,USA Skateland - Chandler,480-917-9444,lwhitson@usa-skating.com,http://www.skatelandchandler.com,1101 West Ray Road,,Chandler,AZ,85224,AZ037
793,USA Skateland - Mesa,480-833-7775,bcampbell@usa-skating.com,http://www.skatelandmesa.com,7 East Southern Ave,,Mesa,AZ,85210,AZ013
794,USA Skating Center,937-325-4608,usaskater1968@yahoo.com,,2340 Valley Loop Road,,Springfield,OH,45504,OH027
795,USA's Skateplex,813-989-2100,,,5313 East Bush Blvd,,Temple Terrace,FL,33617,FL228
796,Valarena Roller Rink,724-478-3065,valarena@pghpa.us,http://www.valarena.com,320 18th Street,,North Apollo,PA,15673,PA187
797,Valley Skating Ctr,724-379-6700,lminer21@comcast.net,http://www.valleyskate.com,East 6th Street and Galiffa Drive,,Donora,PA,15033,PA168
798,Viking Skate Country,530-241-7500,,,737 Auditorium Drive,,Redding,CA,96001,CA107
799,Villa Roller Rink,908-689-6155,villaskating@yahoo.com,http://www.villa-roller-rink.com,2121 Route 57,,Broadway,NJ,8808,NJ049
800,W B Skate Country,504-392-9099,,http://www.skatecountrywb.com,1100 Terry Parkway,,Gretna,LA,70056,LA006
801,Wagon Wheel Roller Sktg,307-265-4214,wagonwheelsk8fun@yahoo.com,http://www.wwskate.com,305 Vanhorn Avenue,,Mills,WY,82644,WY001
802,Waterbury Skating Center Inc,203-753-4983,,http://rollermagic.com,60 Harvester Road,,Waterbury,CT,6706,CT033
803,Waukesha Skateland,262-542-1549,laufer@yahoo.com,,1931 East Main Street,,Waukesha,WI,53186,WI020
804,West Park Skate Center Inc,,msdk.elmore@gmail.com,,2988 W Park Dr,,Huntington,IN,46750,IN053
805,Western Skateland,812-332-7288,,,930 West 17th Street,,Bloomington,IN,47401,IN037
806,Wheeelers Family Ent Center,337-855-3234,ghmbskatel@yahoo.com,,1130 Highway 171,,Lake Charles,LA,70611,LA065
807,Wheels in Motion,479-474-3705,,http://www.wheelsnmotion.com,1007 Fayetteville Road,,Van Buren,AR,72956,AR033
808,Wheels R Rollin Skate Center,985-446-5566,,,256 Horseshoe Road,,Schriever,LA,70395,LA023
809,Wheels Skating Center,410-674-9661,,http://www.wheelsrsc.com,1200 Odenton Road,,Odenton,MD,21113,MD049
810,Wheelz of Fire,717-558-0533,mslaven5@yahoo.com,http://www.wheelzoffire.com,7500 Derry Street,,Harrisburg,PA,17111,PA089
811,Wheelz Skate Arena,253-460-7655,wheelzskatearena@ymail.com,http://www.wheelzskatearena.com,2101 Mildred St #D,,Fircrest,WA,98466,WA066
812,White Pines Skating Center,815-946-9988,dave@skatingfun.com,http://www.skatingfun.com,6929 West Pines Road,,Mount Morris,IL,61054,IL163
813,White Rock Skate Center,214-341-6660,whiterockskate@yahoo.com,,10055 Shoreview Road,,Dallas,TX,75238,TX060
814,Wigwam Skating Rink,812-466-4987,kosovomike@gmail.com,,4600 N. Smith Street,,Terre Haute,IN,47805,IN015
815,Wildwood Skating Corp T/A Skate World,434-525-5320,sk8t4us@aol.com,,195 Alum Springs Road,,Lynchburg,VA,24502,VA081
816,Wilkes Family Skate Center,336-667-3197,jpncskating@aol.com,,326 Elkin Road,,North Wilkesboro,NC,28659,NC122
817,Winchester Skating Center Inc,540-667-6464,,,1629 Berryville Pike,,Winchester,VA,22603,VA069
818,Winnwood Skate Center,816-452-1171,winnwoodsk8@aol.com,http://www.winnwoodsk8.com,4426 North Winn Road,,Kansas City,MO,64117,MO012
819,Wonder World Family Fun Center,334-365-6600,wonderworldjoe@knology.net,,127 N Memorial Dr,,Prattville,AL,36067,AL085
820,Wooddale Funzone,651-735-6214,wooddalegm@comcast.net,http://www.wooddalefunzone.com,2122 Wooddale Drive,,Woodbury,MN,55125,MN046
821,Woodland Rollerdome & Family Fun Center,419-394-4246,ollerdome@aol.com,,2600 Celina Road,,Saint Marys,OH,45885-1111,OH194
822,Woodland Sports Center,616-246-8023,,http://www.woodlandskating.com,2100 28th Street SE,,Grand Rapids,MI,49508,MI030
823,Wood'n Wheel,845-331-9680,,http://www.woodnwheel.com,Route 9 West,,Port Ewen,NY,12466,NY053
824,Wooster Skateland,330-262-7900,acresoffun@aol.com,http://www.woosterskateland.com,3889 Friendsville Road,,Wooster,OH,44691,OH104
825,World of Wheels Skate Center,715-392-1031,steve@wowsk8.us,http://www.wowsk8.us,1218 Oakes Avenue,,Superior,WI,54880,WI050
826,Wynne Skateland,870-238-9992,,,2013 North Falls Blvd,,Wynne,AR,72396,AR085
827,Young's Skating Center,609-625-1191,,http://www.youngsskatingcenter.com,13th Street & Park Road,,Mays Landing,NJ,8330,NJ026
828,Youngstown Skate Inc.,330-758-8711,,,7080 Tiffany Boulevard,,Youngstown,OH,44514,OH126
829,Yukon On Wheels,405-350-2215,jvontee@sbcglobal.net,,24 East Main,,Yukon,OK,73099,OK041
830,Zoomers Skate Club,740-389-5554,,http://www.zoomersskateclub.com,1683 Marion Mt Gilead Road,,Marion,OH,43302,OH117
